Width,Height,Eccentricity,Moore Length,Slopes,DirectionSum,Y
16,29,0.551724,104,4,40,2
18,29,0.620690,96,2,34,6
16,29,0.551724,115,5,47,5
5,29,0.172414,64,0,12,1
18,29,0.620690,109,4,40,2
17,29,0.586207,95,3,37,6
17,29,0.586207,121,5,45,5
5,29,0.172414,62,0,12,1
16,29,0.551724,104,4,40,2
17,29,0.586207,96,2,34,6
15,29,0.517241,110,6,52,5
6,29,0.206897,63,0,12,1
16,29,0.551724,104,4,40,2
17,29,0.586207,99,2,34,6
17,29,0.586207,119,5,45,5
5,29,0.172414,63,0,12,1
18,29,0.620690,114,4,44,2
17,29,0.586207,95,2,34,6
18,29,0.620690,121,5,47,5
5,29,0.172414,64,0,12,1
18,29,0.620690,109,4,44,2
17,29,0.586207,96,2,34,6
18,29,0.620690,120,5,47,5
5,29,0.172414,62,1,19,1
6,29,0.206897,66,0,12,1
23,29,0.793103,98,5,47,7
16,29,0.551724,103,4,40,2
18,29,0.620690,95,3,37,6
16,28,0.571429,111,6,50,5
5,29,0.172414,63,0,12,1
18,29,0.620690,109,4,40,2
18,29,0.620690,98,2,30,6
16,29,0.551724,116,5,47,5
5,29,0.172414,62,1,19,1
18,29,0.620690,109,4,44,2
18,29,0.620690,98,2,30,6
16,29,0.551724,114,5,45,5
5,29,0.172414,62,1,19,1
16,29,0.551724,105,4,40,2
18,29,0.620690,97,2,34,6
16,29,0.551724,113,5,45,5
5,29,0.172414,63,0,12,1
18,29,0.620690,111,4,40,2
16,29,0.551724,94,2,34,6
16,29,0.551724,114,5,45,5
5,29,0.172414,63,0,12,1
18,29,0.620690,112,4,40,2
18,29,0.620690,100,2,34,6
18,29,0.620690,119,5,45,5
5,29,0.172414,63,0,12,1
18,29,0.620690,110,4,44,2
18,29,0.620690,101,2,34,6
16,29,0.551724,114,5,45,5
5,29,0.172414,62,0,12,1
18,29,0.620690,108,4,44,2
20,29,0.689655,105,0,12,6
16,29,0.551724,113,5,47,5
6,29,0.206897,65,0,12,1
16,29,0.551724,106,4,40,2
18,29,0.620690,99,2,30,6
16,29,0.551724,116,5,45,5
5,29,0.172414,63,0,12,1
18,29,0.620690,113,4,44,2
16,29,0.551724,93,4,42,6
16,29,0.551724,113,5,45,5
5,29,0.172414,63,0,12,1
18,29,0.620690,111,4,40,2
20,29,0.689655,102,0,12,6
16,29,0.551724,114,5,45,5
5,29,0.172414,63,0,12,1
16,29,0.551724,103,4,40,2
18,29,0.620690,99,2,34,6
16,29,0.551724,113,5,45,5
5,29,0.172414,64,0,12,1
16,28,0.571429,83,4,46,7
18,29,0.620690,78,5,49,4
20,29,0.689655,79,0,12,0
18,29,0.620690,86,4,46,7
16,28,0.571429,82,4,46,7
18,29,0.620690,78,6,52,4
18,29,0.620690,78,1,17,0
18,29,0.620690,87,6,54,7
17,29,0.586207,86,4,46,7
17,29,0.586207,76,6,56,4
19,29,0.655172,80,0,12,0
16,29,0.551724,82,4,46,7
18,29,0.620690,77,5,49,4
20,29,0.689655,81,0,12,0
18,28,0.642857,85,5,47,7
15,29,0.517241,81,3,39,7
17,29,0.586207,76,5,49,4
20,29,0.689655,80,0,12,0
20,28,0.714286,89,4,46,7
16,29,0.551724,75,5,51,4
19,29,0.655172,80,0,12,0
18,29,0.620690,75,6,52,4
19,29,0.655172,80,0,12,0
18,28,0.642857,85,4,46,7
16,28,0.571429,82,4,46,7
16,29,0.551724,75,5,51,4
20,29,0.689655,80,0,12,0
20,28,0.714286,91,4,46,7
16,29,0.551724,75,5,49,4
18,29,0.620690,80,0,12,0
17,29,0.586207,85,4,46,7
18,28,0.642857,85,4,46,7
18,29,0.620690,75,6,62,4
19,29,0.655172,80,0,12,0
20,29,0.689655,89,4,46,7
16,29,0.551724,82,4,46,7
18,29,0.620690,75,5,49,4
18,29,0.620690,76,3,23,4
17,29,0.586207,85,4,46,7
16,29,0.551724,83,4,46,7
16,29,0.551724,75,5,43,4
16,29,0.551724,76,5,43,4
17,29,0.586207,84,4,46,7
18,29,0.620690,86,4,46,7
18,29,0.620690,78,5,45,4
18,29,0.620690,76,5,51,4
17,29,0.586207,85,4,46,7
16,29,0.551724,84,4,46,7
18,29,0.620690,79,4,40,4
16,29,0.551724,74,5,43,4
16,29,0.551724,83,4,46,7
18,29,0.620690,88,4,46,7
18,29,0.620690,77,4,46,4
16,29,0.551724,75,5,49,4
16,29,0.551724,83,4,46,7
18,29,0.620690,86,4,46,7
18,29,0.620690,78,5,43,4
17,29,0.586207,73,6,62,4
17,29,0.586207,85,4,46,7
18,29,0.620690,85,4,46,7
18,29,0.620690,76,5,45,4
18,29,0.620690,78,5,59,4
18,29,0.620690,86,4,46,7
18,29,0.620690,86,4,46,7
16,29,0.551724,73,5,51,4
18,29,0.620690,76,5,59,4
16,29,0.551724,82,4,46,7
16,29,0.551724,81,4,46,7
16,29,0.551724,75,5,49,4
16,29,0.551724,74,5,51,4
16,29,0.551724,83,4,46,7
18,29,0.620690,85,4,46,7
18,29,0.620690,75,6,56,4
16,29,0.551724,74,5,51,4
16,29,0.551724,82,4,46,7
15,29,0.517241,97,3,25,9
17,29,0.586207,76,5,39,4
18,29,0.620690,115,4,28,3
18,29,0.620690,105,3,23,9
16,29,0.551724,72,5,51,4
16,29,0.551724,105,6,28,3
16,29,0.551724,108,4,28,3
18,29,0.620690,102,4,20,9
17,29,0.586207,108,4,28,3
15,29,0.517241,97,3,25,9
17,29,0.586207,76,5,39,4
18,29,0.620690,115,4,28,3
18,29,0.620690,105,3,23,9
16,29,0.551724,72,5,51,4
16,29,0.551724,105,6,28,3
16,29,0.551724,108,4,28,3
18,29,0.620690,102,4,20,9
17,29,0.586207,108,4,28,3
16,29,0.551724,98,3,25,9
17,29,0.586207,113,3,25,3
17,29,0.586207,111,5,29,3
18,29,0.620690,107,3,23,9
16,29,0.551724,77,5,51,4
18,29,0.620690,121,4,28,3
18,29,0.620690,100,4,22,9
18,29,0.620690,79,5,45,4
18,29,0.620690,115,4,28,3
17,29,0.586207,113,4,28,3
16,29,0.551724,96,5,31,9
17,29,0.586207,76,5,47,4
17,29,0.586207,110,4,28,3
18,29,0.620690,114,4,28,3
18,29,0.620690,102,3,23,9
16,29,0.551724,74,5,51,4
18,29,0.620690,117,4,28,3
16,29,0.551724,106,5,29,3
17,29,0.586207,98,4,26,9
16,29,0.551724,76,5,51,4
15,28,0.535714,102,6,36,3
18,29,0.620690,103,3,23,9
18,29,0.620690,116,4,28,3
15,29,0.517241,111,6,48,5
18,29,0.620690,101,2,22,9
18,29,0.620690,77,0,12,0
18,29,0.620690,111,4,40,2
15,29,0.517241,111,6,48,5
18,29,0.620690,101,2,22,9
18,29,0.620690,77,0,12,0
18,29,0.620690,111,4,40,2
15,29,0.517241,111,5,47,5
18,29,0.620690,102,3,23,9
18,29,0.620690,77,0,12,0
18,28,0.642857,113,4,36,2
15,29,0.517241,112,6,48,5
18,29,0.620690,99,3,23,9
18,29,0.620690,79,1,13,0
16,28,0.571429,106,4,36,2
16,29,0.551724,113,4,44,5
18,29,0.620690,96,4,24,9
18,29,0.620690,77,0,12,0
18,29,0.620690,112,4,40,2
16,29,0.551724,112,5,45,5
18,29,0.620690,97,3,23,9
18,29,0.620690,78,0,12,0
16,28,0.571429,103,5,35,2
16,29,0.551724,112,6,48,5
18,29,0.620690,102,2,22,9
18,29,0.620690,78,1,13,0
18,29,0.620690,110,4,40,2
16,29,0.551724,111,6,48,5
18,29,0.620690,99,4,24,9
18,29,0.620690,77,2,16,0
17,29,0.586207,111,4,40,2
16,29,0.551724,109,6,46,5
17,29,0.586207,99,3,19,9
18,29,0.620690,78,1,13,0
17,28,0.607143,112,4,40,2
16,29,0.551724,109,6,46,5
16,29,0.551724,93,4,30,9
18,29,0.620690,78,2,16,0
17,28,0.607143,110,4,40,2
18,29,0.620690,123,5,45,5
16,29,0.551724,93,5,27,9
18,29,0.620690,76,1,13,0
15,29,0.517241,104,5,39,2
17,29,0.586207,87,4,46,7
18,29,0.620690,81,0,12,0
18,29,0.620690,79,0,12,8
18,29,0.620690,77,5,43,4
16,28,0.571429,83,4,46,7
17,29,0.586207,79,0,12,0
17,29,0.586207,80,0,12,8
18,29,0.620690,76,5,39,4
18,28,0.642857,88,4,46,7
17,29,0.586207,87,4,46,7
18,29,0.620690,81,0,12,0
18,29,0.620690,79,0,12,8
18,29,0.620690,77,5,43,4
16,28,0.571429,83,4,46,7
17,29,0.586207,79,0,12,0
17,29,0.586207,80,0,12,8
18,29,0.620690,76,5,39,4
18,28,0.642857,88,4,46,7
18,29,0.620690,78,0,12,0
18,29,0.620690,79,0,12,8
18,29,0.620690,78,5,43,4
18,29,0.620690,88,4,40,7
18,29,0.620690,79,0,12,0
18,29,0.620690,79,0,12,8
18,29,0.620690,79,4,40,4
18,29,0.620690,87,4,46,7
18,29,0.620690,79,1,15,0
17,29,0.586207,79,0,12,8
18,29,0.620690,75,5,39,4
16,29,0.551724,83,4,46,7
18,29,0.620690,80,0,12,0
18,29,0.620690,79,0,12,8
18,29,0.620690,79,5,43,4
16,29,0.551724,84,4,46,7
17,29,0.586207,77,1,15,0
17,29,0.586207,78,1,15,8
18,29,0.620690,76,6,54,4
18,29,0.620690,88,4,40,7
18,29,0.620690,78,1,15,0
18,29,0.620690,80,0,12,8
18,29,0.620690,78,5,43,4
16,29,0.551724,84,4,46,7
18,29,0.620690,80,0,12,0
17,29,0.586207,78,0,12,8
18,29,0.620690,77,6,54,4
16,29,0.551724,83,4,46,7
18,29,0.620690,77,1,15,0
18,29,0.620690,80,0,12,8
18,29,0.620690,76,5,43,4
16,28,0.571429,114,7,49,5
16,29,0.551724,83,4,46,7
18,29,0.620690,98,1,15,9
18,29,0.620690,99,1,13,9
16,28,0.571429,111,7,53,5
16,29,0.551724,82,4,46,7
17,29,0.586207,95,2,16,9
18,29,0.620690,100,0,12,9
16,29,0.551724,112,5,43,5
16,29,0.551724,82,4,46,7
18,29,0.620690,99,1,15,9
16,29,0.551724,94,2,18,9
16,29,0.551724,113,5,45,5
17,29,0.586207,85,4,46,7
18,29,0.620690,98,1,15,9
18,29,0.620690,99,0,12,9
16,29,0.551724,117,6,46,5
16,29,0.551724,83,4,46,7
18,29,0.620690,98,1,15,9
18,29,0.620690,99,0,12,9
16,29,0.551724,113,7,49,5
16,29,0.551724,84,4,46,7
16,29,0.551724,93,2,20,9
16,29,0.551724,96,1,15,9
16,29,0.551724,113,7,49,5
17,29,0.586207,84,4,46,7
18,29,0.620690,97,1,15,9
18,29,0.620690,98,0,12,9
16,29,0.551724,112,5,43,5
16,29,0.551724,83,4,46,7
18,29,0.620690,99,1,15,9
16,29,0.551724,92,3,21,9
16,29,0.551724,112,7,49,5
16,29,0.551724,83,4,46,7
18,29,0.620690,97,1,15,9
16,29,0.551724,96,1,13,9
17,29,0.586207,121,6,44,5
16,29,0.551724,82,4,46,7
18,29,0.620690,99,1,15,9
18,29,0.620690,100,0,12,9
18,29,0.620690,100,2,34,6
18,29,0.620690,102,2,34,6
16,29,0.551724,95,3,37,6
16,29,0.551724,75,5,49,4
18,29,0.620690,97,2,34,6
16,29,0.551724,93,3,37,6
16,29,0.551724,95,4,42,6
16,29,0.551724,74,5,43,4
16,29,0.551724,96,2,34,6
17,29,0.586207,98,2,34,6
17,29,0.586207,101,2,34,6
16,29,0.551724,74,5,51,4
17,29,0.586207,97,2,34,6
18,29,0.620690,98,2,34,6
17,29,0.586207,98,2,34,6
18,29,0.620690,77,5,49,4
18,29,0.620690,99,2,34,6
18,29,0.620690,100,2,34,6
18,29,0.620690,98,2,34,6
17,29,0.586207,74,5,51,4
6,29,0.206897,65,0,12,1
16,29,0.551724,102,4,36,2
6,29,0.206897,65,0,12,1
16,29,0.551724,102,4,36,2
18,29,0.620690,119,4,44,5
18,29,0.620690,100,0,12,9
5,29,0.172414,62,1,19,1
16,29,0.551724,107,4,40,2
16,29,0.551724,116,5,47,5
18,29,0.620690,99,1,17,9
5,29,0.172414,63,1,19,1
18,29,0.620690,112,4,40,2
16,29,0.551724,113,6,52,5
5,29,0.172414,64,0,12,1
18,29,0.620690,110,4,36,2
16,29,0.551724,114,6,50,5
18,29,0.620690,104,0,12,9
6,29,0.206897,65,0,12,1
17,29,0.586207,109,4,44,2
17,29,0.586207,117,5,47,5
16,29,0.551724,92,2,18,9
6,29,0.206897,65,0,12,1
18,29,0.620690,109,4,40,2
17,29,0.586207,118,6,48,5
17,29,0.586207,98,0,12,9
5,29,0.172414,64,0,12,1
16,29,0.551724,104,4,36,2
17,29,0.586207,118,5,45,5
18,29,0.620690,99,0,12,9
6,29,0.206897,65,0,12,1
15,29,0.517241,105,5,39,2
15,29,0.517241,112,6,52,5
17,29,0.586207,96,2,18,9
6,29,0.206897,63,0,12,1
17,29,0.586207,110,4,40,2
16,29,0.551724,111,5,49,5
18,29,0.620690,99,3,19,9
5,29,0.172414,64,0,12,1
18,29,0.620690,113,4,44,2
16,29,0.551724,113,6,52,5
17,29,0.586207,99,1,17,9
19,29,0.655172,112,2,24,3
6,29,0.206897,63,0,12,1
18,29,0.620690,111,3,27,3
18,29,0.620690,107,2,20,3
5,29,0.172414,63,1,19,1
17,29,0.586207,106,5,27,3
17,29,0.586207,104,2,20,3
5,29,0.172414,63,1,25,1
18,29,0.620690,112,2,24,3
18,29,0.620690,107,2,24,3
6,29,0.206897,64,0,12,1
18,29,0.620690,111,2,24,3
19,29,0.655172,116,2,24,3
6,29,0.206897,65,0,12,1
16,29,0.551724,98,6,34,3
18,29,0.620690,107,2,20,3
5,29,0.172414,61,0,12,1
18,29,0.620690,111,3,23,3
19,29,0.655172,114,3,25,3
5,29,0.172414,63,0,12,1
15,29,0.517241,99,5,27,3
6,29,0.206897,63,0,12,1
17,29,0.586207,105,2,24,3
5,29,0.172414,62,1,25,1
18,29,0.620690,111,3,23,3
16,29,0.551724,99,4,26,3
6,29,0.206897,63,0,12,1
18,29,0.620690,108,3,23,3
17,29,0.586207,104,2,24,3
6,29,0.206897,65,0,12,1
16,29,0.551724,101,5,33,3
18,29,0.620690,124,4,44,5
19,29,0.655172,126,4,32,3
18,29,0.620690,114,3,25,3
6,27,0.222222,63,3,33,1
16,29,0.551724,126,6,44,5
18,29,0.620690,116,3,25,3
16,29,0.551724,105,6,38,3
16,29,0.551724,127,6,46,5
18,29,0.620690,118,3,25,3
16,29,0.551724,107,7,37,3
19,29,0.655172,137,5,45,5
18,29,0.620690,118,4,32,3
17,29,0.586207,110,5,35,3
5,29,0.172414,63,1,13,1
17,29,0.586207,132,4,44,5
18,28,0.642857,118,3,25,3
16,29,0.551724,109,6,38,3
6,29,0.206897,63,1,13,1
18,29,0.620690,128,5,45,5
18,29,0.620690,115,2,24,3
17,29,0.586207,114,4,28,3
5,29,0.172414,63,1,13,1
18,29,0.620690,124,3,25,3
18,29,0.620690,115,5,35,3
5,29,0.172414,61,2,32,1
16,29,0.551724,125,6,42,5
18,29,0.620690,124,3,25,3
18,29,0.620690,116,2,24,3
5,29,0.172414,63,1,25,1
18,29,0.620690,115,3,25,3
16,29,0.551724,107,4,28,3
5,29,0.172414,62,0,12,1
18,29,0.620690,129,4,44,5
17,29,0.586207,112,3,23,3
17,29,0.586207,111,4,40,2
18,29,0.620690,79,1,15,8
17,29,0.586207,75,5,45,4
18,29,0.620690,112,4,40,2
17,29,0.586207,111,4,40,2
18,29,0.620690,79,1,15,8
17,29,0.586207,75,5,45,4
18,29,0.620690,112,4,40,2
16,29,0.551724,105,4,40,2
16,29,0.551724,81,0,12,8
16,29,0.551724,74,5,43,4
18,29,0.620690,113,4,40,2
18,29,0.620690,82,0,12,8
15,29,0.517241,72,5,51,4
17,29,0.586207,111,4,40,2
18,29,0.620690,79,1,15,8
17,29,0.586207,75,5,45,4
18,29,0.620690,112,4,40,2
16,29,0.551724,105,4,40,2
16,29,0.551724,81,0,12,8
16,29,0.551724,74,5,43,4
18,29,0.620690,113,4,40,2
18,29,0.620690,82,0,12,8
15,29,0.517241,72,5,51,4
17,28,0.607143,108,4,40,2
16,29,0.551724,78,0,12,8
16,29,0.551724,75,5,43,4
16,29,0.551724,105,4,40,2
16,29,0.551724,77,1,15,8
16,29,0.551724,72,5,51,4
18,29,0.620690,111,4,40,2
17,29,0.586207,81,0,12,8
16,29,0.551724,75,5,47,4
17,29,0.586207,108,5,47,2
18,29,0.620690,112,4,40,2
16,29,0.551724,78,1,19,8
17,29,0.586207,75,4,38,4
18,29,0.620690,109,4,46,2
18,29,0.620690,109,4,40,2
18,29,0.620690,82,0,12,8
17,29,0.586207,73,4,40,4
17,29,0.586207,109,4,36,2
17,29,0.586207,108,4,40,2
18,29,0.620690,81,0,12,8
18,29,0.620690,75,4,42,4
20,29,0.689655,116,4,40,2
18,29,0.620690,113,4,46,2
18,29,0.620690,80,0,12,8
16,29,0.551724,76,5,51,4
16,29,0.551724,103,4,40,2
18,29,0.620690,99,0,12,9
16,29,0.551724,73,5,51,4
18,29,0.620690,77,0,12,0
6,29,0.206897,63,0,12,1
18,29,0.620690,98,0,12,9
18,29,0.620690,75,4,48,4
18,29,0.620690,77,0,12,0
6,29,0.206897,64,0,12,1
18,29,0.620690,101,3,19,9
16,29,0.551724,76,5,49,4
18,29,0.620690,77,1,15,0
6,29,0.206897,63,0,12,1
18,29,0.620690,103,0,12,9
18,29,0.620690,78,5,49,4
18,29,0.620690,78,0,12,0
6,29,0.206897,62,0,12,1
18,29,0.620690,100,0,12,9
18,29,0.620690,76,4,48,4
18,29,0.620690,77,0,12,0
5,29,0.172414,62,0,12,1
18,29,0.620690,100,0,12,9
18,29,0.620690,77,6,62,4
17,29,0.586207,76,1,13,0
6,29,0.206897,62,1,19,1
18,29,0.620690,100,2,18,9
18,29,0.620690,78,5,49,4
18,29,0.620690,77,0,12,0
5,29,0.172414,61,0,12,1
18,29,0.620690,100,2,22,9
18,29,0.620690,77,4,46,4
16,29,0.551724,75,1,15,0
5,29,0.172414,62,0,12,1
18,29,0.620690,99,0,12,9
18,29,0.620690,76,5,49,4
16,29,0.551724,75,1,13,0
5,29,0.172414,61,1,19,1
18,29,0.620690,99,1,15,9
18,29,0.620690,78,5,49,4
18,29,0.620690,79,0,12,0
5,29,0.172414,64,0,12,1
16,29,0.551724,83,4,46,7
16,29,0.551724,113,5,45,5
5,29,0.172414,64,0,12,1
16,29,0.551724,82,3,33,7
16,29,0.551724,118,5,41,5
6,29,0.206897,65,0,12,1
18,29,0.620690,78,6,44,4
16,29,0.551724,83,4,40,7
18,29,0.620690,123,4,44,5
6,29,0.206897,64,0,12,1
16,29,0.551724,82,4,40,7
15,29,0.517241,113,5,45,5
6,29,0.206897,64,0,12,1
16,29,0.551724,83,4,40,7
16,29,0.551724,116,5,41,5
6,29,0.206897,63,1,19,1
16,29,0.551724,73,5,47,4
16,29,0.551724,81,2,32,7
16,29,0.551724,116,4,44,5
6,29,0.206897,63,2,30,1
16,29,0.551724,74,5,49,4
16,29,0.551724,82,3,33,7
16,29,0.551724,113,5,45,5
6,29,0.206897,64,2,30,1
16,29,0.551724,74,5,49,4
16,27,0.592593,79,4,38,7
17,29,0.586207,121,5,45,5
6,29,0.206897,65,0,12,1
16,29,0.551724,76,5,49,4
16,29,0.551724,81,3,33,7
17,29,0.586207,120,4,44,5
6,29,0.206897,63,0,12,1
16,29,0.551724,82,5,43,7
16,29,0.551724,114,4,44,5
6,29,0.206897,65,0,12,1
18,29,0.620690,78,0,12,8
18,29,0.620690,105,2,18,9
16,29,0.551724,114,5,47,5
16,29,0.551724,74,5,51,4
18,29,0.620690,79,0,12,8
18,29,0.620690,101,2,18,9
18,29,0.620690,121,5,45,5
18,29,0.620690,75,5,51,4
16,29,0.551724,77,0,12,8
18,29,0.620690,101,2,22,9
17,29,0.586207,122,5,45,5
16,29,0.551724,76,5,51,4
18,29,0.620690,80,0,12,8
18,29,0.620690,102,2,18,9
16,29,0.551724,112,5,47,5
18,29,0.620690,75,5,51,4
18,29,0.620690,78,1,15,8
18,29,0.620690,97,3,23,9
16,29,0.551724,114,6,48,5
18,29,0.620690,75,5,51,4
18,29,0.620690,79,0,12,8
18,29,0.620690,101,2,22,9
16,29,0.551724,113,5,45,5
18,29,0.620690,76,5,51,4
18,29,0.620690,78,0,12,8
16,29,0.551724,98,2,22,9
16,29,0.551724,114,5,45,5
16,29,0.551724,74,5,51,4
18,29,0.620690,77,1,15,8
18,29,0.620690,101,2,22,9
18,29,0.620690,119,4,44,5
18,29,0.620690,75,5,51,4
18,29,0.620690,78,0,12,8
18,29,0.620690,101,2,22,9
16,29,0.551724,115,5,45,5
18,29,0.620690,75,5,51,4
18,29,0.620690,78,0,12,8
18,29,0.620690,102,2,22,9
16,29,0.551724,113,5,45,5
18,29,0.620690,77,5,51,4
5,29,0.172414,63,0,12,1
16,29,0.551724,114,5,45,5
6,29,0.206897,65,0,12,1
18,29,0.620690,82,4,40,7
5,29,0.172414,63,0,12,1
18,29,0.620690,120,5,45,5
5,29,0.172414,63,0,12,1
16,29,0.551724,81,4,46,7
6,29,0.206897,64,0,12,1
18,29,0.620690,121,5,45,5
6,29,0.206897,63,0,12,1
18,29,0.620690,86,4,46,7
6,29,0.206897,64,0,12,1
18,29,0.620690,124,3,35,5
6,29,0.206897,64,0,12,1
18,29,0.620690,84,4,40,7
6,29,0.206897,64,0,12,1
18,29,0.620690,123,2,34,5
6,29,0.206897,62,0,12,1
18,29,0.620690,84,4,40,7
5,29,0.172414,63,0,12,1
17,29,0.586207,120,4,44,5
5,29,0.172414,64,0,12,1
17,29,0.586207,83,5,41,7
5,29,0.172414,63,2,30,1
16,29,0.551724,116,5,45,5
5,29,0.172414,64,0,12,1
16,29,0.551724,82,4,46,7
6,29,0.206897,62,1,19,1
17,29,0.586207,121,5,45,5
6,29,0.206897,65,0,12,1
16,29,0.551724,81,4,40,7
5,29,0.172414,62,0,12,1
17,29,0.586207,120,6,42,5
6,29,0.206897,65,0,12,1
18,29,0.620690,85,4,40,7
5,29,0.172414,62,0,12,1
18,29,0.620690,124,2,34,5
6,29,0.206897,63,0,12,1
18,29,0.620690,83,5,41,7
18,29,0.620690,115,4,28,3
6,29,0.206897,61,1,19,1
18,29,0.620690,81,0,12,8
17,29,0.586207,77,6,54,4
17,29,0.586207,112,3,25,3
5,29,0.172414,63,0,12,1
18,29,0.620690,80,0,12,8
18,29,0.620690,77,4,40,4
17,29,0.586207,113,3,25,3
5,29,0.172414,62,1,19,1
18,29,0.620690,79,0,12,8
18,29,0.620690,74,4,40,4
18,29,0.620690,114,4,28,3
5,29,0.172414,62,1,25,1
18,29,0.620690,81,0,12,8
18,29,0.620690,79,5,47,4
17,29,0.586207,113,3,25,3
6,29,0.206897,64,0,12,1
18,29,0.620690,76,5,47,8
18,29,0.620690,79,1,15,4
18,29,0.620690,115,4,28,3
6,29,0.206897,61,1,19,1
18,29,0.620690,81,0,12,8
17,29,0.586207,77,6,54,4
17,29,0.586207,112,3,25,3
5,29,0.172414,63,0,12,1
18,29,0.620690,80,0,12,8
18,29,0.620690,77,4,40,4
17,29,0.586207,113,3,25,3
5,29,0.172414,62,1,19,1
18,29,0.620690,79,0,12,8
18,29,0.620690,74,4,40,4
18,29,0.620690,114,4,28,3
5,29,0.172414,62,1,25,1
18,29,0.620690,81,0,12,8
18,29,0.620690,79,5,47,4
17,29,0.586207,113,3,25,3
6,29,0.206897,64,0,12,1
18,29,0.620690,82,0,12,8
18,29,0.620690,76,5,47,4
18,29,0.620690,111,3,25,3
5,29,0.172414,63,0,12,1
18,29,0.620690,82,0,12,8
18,29,0.620690,75,4,46,4
18,29,0.620690,115,3,25,3
5,29,0.172414,63,0,12,1
17,29,0.586207,79,0,12,8
18,29,0.620690,74,5,49,4
17,29,0.586207,110,3,25,3
5,29,0.172414,62,1,25,1
18,29,0.620690,79,0,12,8
17,29,0.586207,74,5,47,4
17,29,0.586207,113,3,25,3
6,29,0.206897,63,0,12,1
19,29,0.655172,82,0,12,8
18,29,0.620690,77,5,47,4
17,29,0.586207,112,3,25,3
5,29,0.172414,63,0,12,1
18,29,0.620690,81,0,12,8
18,29,0.620690,77,5,47,4
17,29,0.586207,98,4,22,9
17,29,0.586207,78,2,20,8
17,29,0.586207,108,5,39,2
17,29,0.586207,96,5,39,6
17,29,0.586207,100,3,21,9
18,29,0.620690,78,0,12,8
18,29,0.620690,112,4,40,2
18,29,0.620690,98,2,34,6
16,29,0.551724,97,2,18,9
18,29,0.620690,78,1,15,8
18,29,0.620690,112,4,40,2
18,29,0.620690,101,2,34,6
18,29,0.620690,104,0,12,9
18,29,0.620690,79,0,12,8
18,29,0.620690,114,4,44,2
18,29,0.620690,100,2,34,6
16,29,0.551724,94,4,26,9
17,29,0.586207,79,0,12,8
16,29,0.551724,105,4,40,2
18,29,0.620690,98,3,35,6
16,29,0.551724,94,4,26,9
17,29,0.586207,78,0,12,8
17,29,0.586207,108,4,40,2
18,29,0.620690,99,2,34,6
17,29,0.586207,98,3,21,9
17,29,0.586207,78,1,15,8
17,29,0.586207,111,4,40,2
19,29,0.655172,102,0,12,6
18,29,0.620690,100,2,18,9
18,29,0.620690,82,0,12,8
17,29,0.586207,111,4,40,2
18,29,0.620690,100,2,34,6
18,29,0.620690,102,1,15,9
17,29,0.586207,78,1,15,8
18,29,0.620690,110,4,40,2
18,29,0.620690,100,2,34,6
18,29,0.620690,100,1,15,9
18,29,0.620690,79,0,12,8
18,29,0.620690,112,4,40,2
18,29,0.620690,100,2,34,6
16,29,0.551724,99,3,21,9
16,29,0.551724,78,0,12,8
16,29,0.551724,100,0,12,9
16,29,0.551724,79,1,23,8
16,29,0.551724,100,0,12,9
16,29,0.551724,77,2,20,8
17,29,0.586207,103,0,12,9
18,29,0.620690,82,1,23,8
18,29,0.620690,77,1,15,0
18,29,0.620690,76,4,48,4
17,29,0.586207,95,3,37,6
17,29,0.586207,122,6,46,5
19,29,0.655172,80,0,12,0
17,29,0.586207,94,3,37,6
16,28,0.571429,110,6,50,5
18,29,0.620690,76,1,15,0
17,29,0.586207,94,3,37,6
18,28,0.642857,115,6,50,5
18,29,0.620690,77,1,15,0
18,29,0.620690,78,5,49,4
17,29,0.586207,95,3,37,6
16,29,0.551724,109,6,50,5
18,29,0.620690,76,1,15,0
18,29,0.620690,79,5,51,4
18,29,0.620690,96,3,37,6
16,29,0.551724,109,7,51,5
19,28,0.678571,79,0,12,0
17,29,0.586207,94,3,37,6
18,28,0.642857,114,6,50,5
18,29,0.620690,78,0,12,0
18,29,0.620690,76,5,51,4
16,29,0.551724,91,3,37,6
16,29,0.551724,107,7,53,5
18,29,0.620690,78,0,12,0
18,29,0.620690,76,5,51,4
16,29,0.551724,91,4,42,6
17,29,0.586207,119,5,47,5
18,29,0.620690,76,1,15,0
18,29,0.620690,76,5,51,4
18,29,0.620690,95,3,37,6
16,29,0.551724,108,7,53,5
18,29,0.620690,76,1,15,0
18,29,0.620690,80,5,49,4
17,29,0.586207,95,3,37,6
16,29,0.551724,109,6,50,5
18,29,0.620690,77,0,12,0
18,29,0.620690,74,4,48,4
19,29,0.655172,101,0,12,6
17,29,0.586207,115,5,45,5
18,29,0.620690,77,0,12,0
18,29,0.620690,74,5,51,4
19,29,0.655172,101,0,12,6
17,29,0.586207,116,5,45,5
18,29,0.620690,76,1,15,0
18,29,0.620690,77,5,51,4
18,29,0.620690,94,3,37,6
16,29,0.551724,110,7,51,5
18,29,0.620690,77,0,12,0
18,29,0.620690,76,5,51,4
18,29,0.620690,97,2,30,6
17,29,0.586207,116,5,47,5
18,29,0.620690,76,1,15,0
18,29,0.620690,77,5,47,4
18,29,0.620690,97,3,37,6
16,28,0.571429,110,6,50,5
18,29,0.620690,76,1,15,0
18,29,0.620690,75,4,48,4
18,29,0.620690,96,3,37,6
16,29,0.551724,109,6,50,5
18,29,0.620690,76,1,15,0
18,29,0.620690,75,4,48,4
18,29,0.620690,97,2,34,6
17,29,0.586207,118,5,45,5
18,29,0.620690,78,1,15,0
16,29,0.551724,114,6,48,5
18,29,0.620690,77,0,12,0
18,29,0.620690,119,5,45,5
18,29,0.620690,77,1,15,0
16,29,0.551724,113,6,48,5
18,29,0.620690,77,0,12,0
18,29,0.620690,118,5,45,5
18,29,0.620690,77,1,15,0
16,29,0.551724,115,6,48,5
18,29,0.620690,78,1,15,0
17,29,0.586207,119,5,45,5
18,29,0.620690,78,1,15,0
17,29,0.586207,123,5,45,5
18,29,0.620690,80,0,12,0
18,29,0.620690,78,1,15,0
14,29,0.482759,105,8,60,5
18,29,0.620690,76,1,15,0
16,29,0.551724,112,6,50,5
18,29,0.620690,78,1,15,0
17,29,0.586207,122,5,45,5
18,29,0.620690,79,0,12,0
17,29,0.586207,119,5,47,5
18,29,0.620690,77,1,15,0
15,29,0.517241,114,6,48,5
18,29,0.620690,78,0,12,0
18,29,0.620690,120,5,45,5
18,29,0.620690,77,1,15,0
16,29,0.551724,115,5,47,5
18,29,0.620690,77,1,15,0
16,29,0.551724,113,5,45,5
18,29,0.620690,78,0,12,0
16,29,0.551724,117,5,45,5
18,29,0.620690,76,1,15,0
18,29,0.620690,120,5,45,5
18,29,0.620690,79,1,15,0
16,29,0.551724,113,6,46,5
18,29,0.620690,78,1,15,0
19,29,0.655172,125,5,45,5
16,29,0.551724,105,4,28,3
17,29,0.586207,108,4,28,3
17,29,0.586207,75,5,43,4
18,29,0.620690,80,0,12,0
18,29,0.620690,110,3,25,3
18,29,0.620690,113,3,25,3
18,29,0.620690,74,5,43,4
18,29,0.620690,79,0,12,0
17,29,0.586207,112,4,28,3
16,29,0.551724,105,3,25,3
16,29,0.551724,74,5,49,4
18,29,0.620690,80,0,12,0
16,29,0.551724,106,3,25,3
16,29,0.551724,104,4,30,3
16,29,0.551724,74,5,49,4
16,29,0.551724,77,1,15,0
18,29,0.620690,113,3,25,3
18,29,0.620690,112,3,25,3
17,29,0.586207,76,5,43,4
18,29,0.620690,79,0,12,0
16,29,0.551724,106,3,25,3
17,29,0.586207,111,4,28,3
16,29,0.551724,73,5,49,4
16,29,0.551724,77,1,17,0
16,29,0.551724,108,5,33,3
16,29,0.551724,104,5,33,3
17,29,0.586207,73,5,43,4
16,29,0.551724,78,0,12,0
16,29,0.551724,110,4,28,3
17,29,0.586207,111,3,25,3
16,29,0.551724,72,5,43,4
17,29,0.586207,79,0,12,0
16,29,0.551724,106,4,30,3
18,29,0.620690,114,3,25,3
16,29,0.551724,73,5,43,4
16,29,0.551724,77,1,17,0
18,29,0.620690,110,3,25,3
16,29,0.551724,104,5,33,3
18,29,0.620690,77,4,46,4
16,29,0.551724,78,0,12,0
16,29,0.551724,105,3,23,3
18,29,0.620690,77,1,15,8
18,29,0.620690,98,0,12,6
18,29,0.620690,77,5,49,4
18,29,0.620690,112,4,28,3
18,29,0.620690,78,1,15,8
18,29,0.620690,98,3,37,6
18,29,0.620690,76,5,51,4
16,29,0.551724,105,3,27,3
18,29,0.620690,77,1,15,8
18,29,0.620690,98,2,30,6
18,29,0.620690,78,4,46,4
18,29,0.620690,111,3,27,3
18,29,0.620690,78,1,15,8
17,29,0.586207,96,3,37,6
18,29,0.620690,77,5,51,4
18,29,0.620690,111,2,24,3
18,29,0.620690,77,1,15,8
16,29,0.551724,95,2,30,6
18,29,0.620690,77,5,51,4
16,29,0.551724,105,3,23,3
16,29,0.551724,75,2,20,8
16,29,0.551724,95,2,30,6
18,29,0.620690,77,4,48,4
18,29,0.620690,111,2,24,3
16,29,0.551724,76,1,15,8
16,29,0.551724,95,2,30,6
18,29,0.620690,76,4,46,4
18,29,0.620690,111,2,24,3
16,29,0.551724,76,1,15,8
16,29,0.551724,95,2,30,6
18,29,0.620690,77,4,48,4
16,29,0.551724,103,3,23,3
18,29,0.620690,78,0,12,8
18,29,0.620690,98,0,12,6
18,29,0.620690,76,5,49,4
16,29,0.551724,105,3,23,3
18,29,0.620690,77,1,15,8
18,29,0.620690,98,0,12,6
18,29,0.620690,77,5,49,4
18,29,0.620690,112,4,28,3
18,29,0.620690,78,1,15,8
18,29,0.620690,98,3,37,6
18,29,0.620690,76,5,51,4
16,29,0.551724,105,3,27,3
18,29,0.620690,77,1,15,8
18,29,0.620690,98,2,30,6
18,29,0.620690,78,4,46,4
18,29,0.620690,111,3,27,3
18,29,0.620690,78,1,15,8
17,29,0.586207,96,3,37,6
18,29,0.620690,77,5,51,4
18,29,0.620690,111,2,24,3
18,29,0.620690,77,1,15,8
16,29,0.551724,95,2,30,6
18,29,0.620690,77,5,51,4
16,29,0.551724,105,3,23,3
16,29,0.551724,75,2,20,8
16,29,0.551724,95,2,30,6
18,29,0.620690,77,4,48,4
18,29,0.620690,111,2,24,3
16,29,0.551724,76,1,15,8
16,29,0.551724,95,2,30,6
18,29,0.620690,76,4,46,4
18,29,0.620690,111,2,24,3
16,29,0.551724,76,1,15,8
16,29,0.551724,95,2,30,6
18,29,0.620690,77,4,48,4
16,29,0.551724,103,3,23,3
18,29,0.620690,78,0,12,8
18,29,0.620690,98,0,12,6
17,29,0.586207,109,3,25,3
18,29,0.620690,77,1,15,8
17,29,0.586207,95,3,37,6
18,29,0.620690,76,5,51,4
18,29,0.620690,75,5,49,4
17,29,0.586207,119,6,46,5
18,29,0.620690,96,2,34,6
18,29,0.620690,78,5,49,4
18,29,0.620690,76,5,49,4
17,29,0.586207,121,5,45,5
18,29,0.620690,99,2,34,6
18,29,0.620690,78,5,49,4
18,29,0.620690,77,5,49,4
17,29,0.586207,122,5,45,5
18,29,0.620690,96,2,34,6
18,29,0.620690,76,5,51,4
16,29,0.551724,75,5,51,4
16,29,0.551724,109,6,52,5
19,29,0.655172,103,2,34,6
16,29,0.551724,75,5,51,4
18,29,0.620690,75,5,51,4
16,28,0.571429,111,5,47,5
18,29,0.620690,98,2,34,6
18,29,0.620690,76,5,51,4
18,29,0.620690,76,5,51,4
18,29,0.620690,124,5,45,5
19,29,0.655172,102,2,34,6
16,29,0.551724,75,5,49,4
18,29,0.620690,76,5,49,4
18,29,0.620690,116,5,45,5
18,29,0.620690,96,2,34,6
18,29,0.620690,78,6,52,4
18,29,0.620690,75,5,51,4
16,29,0.551724,110,7,51,5
18,29,0.620690,97,2,34,6
18,29,0.620690,75,5,49,4
18,29,0.620690,76,5,51,4
16,28,0.571429,110,6,48,5
17,29,0.586207,97,3,35,6
18,29,0.620690,78,5,49,4
18,29,0.620690,77,5,51,4
16,29,0.551724,114,5,45,5
18,29,0.620690,98,2,34,6
18,29,0.620690,77,5,45,4
19,29,0.655172,79,5,37,4
18,29,0.620690,125,4,40,5
18,29,0.620690,100,4,38,6
17,29,0.586207,75,5,43,4
20,29,0.689655,78,3,29,4
18,29,0.620690,128,4,44,5
16,29,0.551724,95,4,36,6
18,29,0.620690,77,4,48,4
18,29,0.620690,75,5,43,4
18,29,0.620690,124,4,44,5
18,29,0.620690,96,4,38,6
18,29,0.620690,76,4,42,4
20,29,0.689655,79,4,34,4
17,28,0.607143,121,5,41,5
16,29,0.551724,91,5,43,6
18,29,0.620690,79,5,51,4
18,29,0.620690,77,5,49,4
18,28,0.642857,124,5,45,5
16,29,0.551724,98,3,37,6
18,29,0.620690,77,5,51,4
20,29,0.689655,79,6,42,4
17,29,0.586207,120,6,42,5
18,29,0.620690,97,1,13,6
18,29,0.620690,75,4,48,4
19,29,0.655172,76,2,22,4
17,28,0.607143,121,5,41,5
16,29,0.551724,90,5,43,6
18,29,0.620690,75,4,48,4
18,29,0.620690,76,5,49,4
17,28,0.607143,120,5,45,5
16,29,0.551724,96,3,31,6
18,29,0.620690,76,4,48,4
18,29,0.620690,76,5,49,4
16,28,0.571429,114,6,46,5
18,29,0.620690,97,1,13,6
17,29,0.586207,76,5,51,4
19,29,0.655172,77,2,24,4
18,29,0.620690,128,4,44,5
18,29,0.620690,97,5,39,6
16,29,0.551724,114,8,54,5
17,29,0.586207,112,4,30,3
5,29,0.172414,62,1,19,1
17,29,0.586207,96,3,23,9
16,29,0.551724,115,5,45,5
16,29,0.551724,108,5,31,3
5,29,0.172414,63,1,13,1
16,29,0.551724,96,3,25,9
15,29,0.517241,109,5,45,5
16,29,0.551724,107,5,29,3
5,29,0.172414,62,1,25,1
16,29,0.551724,97,3,27,9
17,29,0.586207,118,5,45,5
17,29,0.586207,108,4,28,3
6,29,0.206897,63,1,13,1
21,29,0.724138,83,3,39,9
18,29,0.620690,79,0,12,0
16,29,0.551724,115,5,45,5
16,29,0.551724,105,6,34,3
5,29,0.172414,64,0,12,1
18,29,0.620690,105,0,12,9
16,29,0.551724,114,5,45,5
16,29,0.551724,108,5,33,3
5,29,0.172414,64,2,30,1
16,29,0.551724,98,3,25,9
16,29,0.551724,119,5,45,5
16,29,0.551724,104,4,28,3
5,29,0.172414,63,1,19,1
18,29,0.620690,102,0,12,9
17,29,0.586207,122,5,51,5
17,29,0.586207,113,4,28,3
5,29,0.172414,63,1,25,1
18,29,0.620690,103,2,22,9
16,29,0.551724,116,5,47,5
16,29,0.551724,106,4,28,3
5,29,0.172414,63,0,12,1
18,29,0.620690,103,0,12,9
16,29,0.551724,117,4,44,5
16,29,0.551724,108,4,28,3
5,29,0.172414,63,1,25,1
18,29,0.620690,103,2,22,9
18,29,0.620690,121,4,44,5
18,29,0.620690,114,3,23,3
5,29,0.172414,63,1,13,1
17,29,0.586207,98,3,23,9
16,29,0.551724,114,5,47,5
17,29,0.586207,110,4,24,3
5,29,0.172414,63,1,19,1
17,29,0.586207,96,2,18,9
16,29,0.551724,114,5,47,5
18,29,0.620690,111,3,25,3
5,29,0.172414,63,0,12,1
17,29,0.586207,98,3,19,9
18,29,0.620690,122,4,44,5
16,29,0.551724,107,4,28,3
5,29,0.172414,63,1,19,1
18,29,0.620690,99,2,22,9
17,29,0.586207,119,6,46,5
17,29,0.586207,111,3,25,3
5,29,0.172414,64,0,12,1
17,29,0.586207,97,3,19,9
18,29,0.620690,121,5,45,5
16,29,0.551724,107,4,30,3
5,29,0.172414,63,0,12,1
18,29,0.620690,99,2,22,9
5,29,0.172414,64,0,12,1
18,29,0.620690,79,0,12,8
18,29,0.620690,102,2,34,6
5,29,0.172414,64,0,12,1
6,29,0.206897,64,1,13,1
18,29,0.620690,81,0,12,8
18,29,0.620690,101,2,34,6
5,29,0.172414,64,0,12,1
5,29,0.172414,63,1,19,1
16,29,0.551724,78,0,12,8
16,29,0.551724,97,2,34,6
5,29,0.172414,63,1,19,1
5,29,0.172414,64,0,12,1
16,29,0.551724,78,0,12,8
18,29,0.620690,103,2,34,6
6,29,0.206897,64,0,12,1
5,29,0.172414,63,1,19,1
16,29,0.551724,78,0,12,8
18,29,0.620690,104,2,34,6
5,29,0.172414,64,0,12,1
5,29,0.172414,64,0,12,1
18,29,0.620690,80,0,12,8
18,29,0.620690,99,2,34,6
5,29,0.172414,64,0,12,1
5,29,0.172414,63,1,19,1
18,29,0.620690,80,0,12,8
18,29,0.620690,100,2,34,6
6,29,0.206897,65,0,12,1
5,29,0.172414,64,0,12,1
18,29,0.620690,83,0,12,8
16,29,0.551724,97,2,34,6
6,29,0.206897,65,0,12,1
5,29,0.172414,63,1,25,1
16,29,0.551724,77,1,15,8
16,29,0.551724,97,2,34,6
6,29,0.206897,65,0,12,1
5,29,0.172414,64,0,12,1
16,29,0.551724,79,0,12,8
16,29,0.551724,99,2,34,6
6,29,0.206897,65,0,12,1
17,29,0.586207,96,3,35,6
17,29,0.586207,77,1,17,0
6,29,0.206897,63,1,19,1
6,29,0.206897,64,2,26,1
18,29,0.620690,99,2,34,6
17,29,0.586207,76,1,13,0
6,29,0.206897,63,1,19,1
6,29,0.206897,64,1,19,1
17,29,0.586207,98,2,34,6
17,29,0.586207,77,1,17,0
6,29,0.206897,64,2,26,1
7,29,0.241379,66,2,26,1
16,29,0.551724,99,2,34,6
16,29,0.551724,77,1,17,0
6,29,0.206897,65,0,12,1
6,29,0.206897,63,1,19,1
18,29,0.620690,103,2,34,6
17,29,0.586207,78,1,17,0
6,29,0.206897,64,1,19,1
6,29,0.206897,63,1,19,1
18,29,0.620690,102,2,34,6
18,29,0.620690,81,0,12,0
5,29,0.172414,63,1,19,1
6,29,0.206897,64,1,19,1
17,29,0.586207,99,2,34,6
17,29,0.586207,78,0,12,0
5,29,0.172414,62,1,19,1
6,29,0.206897,64,1,13,1
16,29,0.551724,96,2,34,6
16,29,0.551724,77,0,12,0
5,29,0.172414,64,0,12,1
5,29,0.172414,63,1,19,1
16,29,0.551724,95,2,34,6
16,29,0.551724,74,2,20,0
6,29,0.206897,63,0,12,1
5,29,0.172414,63,1,19,1
16,29,0.551724,96,2,34,6
18,29,0.620690,81,0,12,0
5,29,0.172414,62,1,19,1
6,29,0.206897,64,1,19,1
18,29,0.620690,97,2,34,6
16,29,0.551724,105,3,25,3
5,29,0.172414,64,0,12,3
18,29,0.620690,100,1,15,9
17,29,0.586207,98,2,16,6
17,29,0.586207,109,4,24,3
18,29,0.620690,100,3,19,9
18,29,0.620690,99,2,34,6
18,29,0.620690,115,3,25,3
5,29,0.172414,63,0,12,1
18,29,0.620690,98,3,23,9
17,29,0.586207,95,3,37,6
16,29,0.551724,106,5,29,3
6,29,0.206897,64,2,30,1
18,29,0.620690,103,3,23,9
18,29,0.620690,99,2,30,6
16,29,0.551724,109,3,25,3
5,29,0.172414,64,0,12,1
18,29,0.620690,99,3,19,9
16,29,0.551724,94,3,37,6
16,29,0.551724,103,4,28,3
6,29,0.206897,65,0,12,1
19,29,0.655172,103,2,22,9
17,29,0.586207,97,2,34,6
16,29,0.551724,101,6,30,3
6,29,0.206897,65,0,12,1
17,29,0.586207,101,4,26,9
18,29,0.620690,96,2,34,6
17,29,0.586207,113,4,26,3
5,29,0.172414,64,0,12,1
16,29,0.551724,97,4,22,9
18,29,0.620690,96,3,37,6
17,29,0.586207,110,5,29,3
5,29,0.172414,61,1,25,1
19,29,0.655172,103,2,22,9
18,29,0.620690,96,3,37,6
17,29,0.586207,110,4,26,3
5,29,0.172414,62,1,25,1
19,29,0.655172,102,2,22,9
16,29,0.551724,98,2,34,6
18,29,0.620690,113,3,25,3
5,29,0.172414,64,2,24,1
18,29,0.620690,104,2,22,9
18,29,0.620690,101,2,34,6
17,29,0.586207,114,3,25,3
5,29,0.172414,62,1,19,1
17,29,0.586207,100,2,18,9
18,29,0.620690,101,2,34,6
18,29,0.620690,114,3,25,3
5,29,0.172414,63,1,19,1
18,29,0.620690,102,2,22,9
16,29,0.551724,97,3,37,6
16,29,0.551724,108,3,25,3
5,29,0.172414,63,1,19,1
16,29,0.551724,97,3,25,9
16,29,0.551724,98,2,34,6
16,29,0.551724,107,3,25,3
5,29,0.172414,63,1,19,1
18,29,0.620690,102,2,22,9
16,29,0.551724,97,3,37,6
16,29,0.551724,109,3,25,3
4,29,0.137931,62,0,8,1
16,29,0.551724,98,3,25,9
16,29,0.551724,83,4,46,7
14,29,0.482759,106,8,60,5
18,29,0.620690,79,0,12,0
18,29,0.620690,97,2,34,6
15,29,0.517241,82,3,39,7
18,29,0.620690,122,5,45,5
18,29,0.620690,77,0,12,0
18,29,0.620690,100,2,30,6
18,28,0.642857,85,4,40,7
16,29,0.551724,112,6,48,5
18,29,0.620690,78,1,15,0
17,29,0.586207,99,2,34,6
16,28,0.571429,81,4,46,7
14,29,0.482759,103,8,60,5
18,29,0.620690,78,0,12,0
17,29,0.586207,99,2,34,6
18,28,0.642857,86,4,46,7
16,29,0.551724,113,5,45,5
18,29,0.620690,78,0,12,0
18,29,0.620690,96,2,34,6
15,29,0.517241,82,4,34,7
18,29,0.620690,120,4,44,5
18,29,0.620690,77,1,15,0
17,29,0.586207,99,2,34,6
17,29,0.586207,84,4,34,7
16,29,0.551724,110,6,48,5
18,29,0.620690,78,0,12,0
17,29,0.586207,98,2,34,6
18,29,0.620690,85,4,46,7
16,29,0.551724,115,5,45,5
18,29,0.620690,77,0,12,0
16,29,0.551724,98,4,38,6
16,29,0.551724,112,6,48,5
18,29,0.620690,77,1,15,0
18,29,0.620690,101,2,34,6
15,29,0.517241,81,4,34,7
16,29,0.551724,114,4,44,5
17,29,0.586207,76,1,15,0
17,29,0.586207,96,3,37,6
18,29,0.620690,79,1,15,8
18,29,0.620690,97,2,34,6
18,29,0.620690,76,5,51,4
18,29,0.620690,97,3,31,6
18,29,0.620690,79,0,12,8
18,29,0.620690,99,2,34,6
18,29,0.620690,77,5,49,4
18,29,0.620690,97,3,31,6
18,29,0.620690,78,0,12,8
17,29,0.586207,96,3,35,6
18,29,0.620690,76,5,49,4
18,29,0.620690,99,2,34,6
18,29,0.620690,78,1,15,8
18,29,0.620690,99,2,34,6
18,29,0.620690,75,6,56,4
16,29,0.551724,92,4,36,6
18,29,0.620690,79,0,12,8
17,29,0.586207,94,4,40,6
16,29,0.551724,74,5,51,4
19,29,0.655172,100,1,13,6
18,29,0.620690,79,0,12,8
18,29,0.620690,100,2,34,6
16,29,0.551724,74,5,51,4
16,29,0.551724,94,4,34,6
18,29,0.620690,79,0,12,8
18,29,0.620690,100,2,34,6
16,29,0.551724,74,5,49,4
18,29,0.620690,99,2,34,6
18,29,0.620690,79,0,12,8
18,29,0.620690,97,2,34,6
16,29,0.551724,73,5,51,4
18,29,0.620690,97,3,31,6
18,29,0.620690,79,1,15,8
18,29,0.620690,97,2,34,6
18,29,0.620690,76,5,51,4
18,29,0.620690,97,3,31,6
18,29,0.620690,79,0,12,8
18,29,0.620690,99,2,34,6
18,29,0.620690,77,5,49,4
18,29,0.620690,97,3,31,6
18,29,0.620690,78,0,12,8
17,29,0.586207,96,3,35,6
18,29,0.620690,76,5,49,4
18,29,0.620690,99,2,34,6
18,29,0.620690,78,1,15,8
18,29,0.620690,99,2,34,6
18,29,0.620690,75,6,56,4
16,29,0.551724,92,4,36,6
18,29,0.620690,79,0,12,8
17,29,0.586207,94,4,40,6
16,29,0.551724,74,5,51,4
19,29,0.655172,100,1,13,6
18,29,0.620690,79,1,15,8
18,29,0.620690,97,2,34,6
18,29,0.620690,76,5,51,4
18,29,0.620690,97,3,31,6
18,29,0.620690,79,0,12,8
18,29,0.620690,99,2,34,6
18,29,0.620690,77,5,49,4
18,29,0.620690,97,3,31,6
18,29,0.620690,78,0,12,8
17,29,0.586207,96,3,35,6
18,29,0.620690,76,5,49,4
18,29,0.620690,99,2,34,6
18,29,0.620690,78,1,15,8
18,29,0.620690,99,2,34,6
18,29,0.620690,75,6,56,4
16,29,0.551724,92,4,36,6
18,29,0.620690,79,0,12,8
17,29,0.586207,94,4,40,6
16,29,0.551724,74,5,51,4
19,29,0.655172,100,1,13,6
18,29,0.620690,79,0,12,8
18,29,0.620690,100,2,34,6
16,29,0.551724,74,5,51,4
16,29,0.551724,94,4,34,6
18,29,0.620690,79,0,12,8
18,29,0.620690,100,2,34,6
16,29,0.551724,74,5,49,4
18,29,0.620690,99,2,34,6
18,29,0.620690,79,0,12,8
18,29,0.620690,97,2,34,6
16,29,0.551724,73,5,51,4
18,29,0.620690,97,3,31,6
18,29,0.620690,80,0,12,8
18,29,0.620690,99,2,34,6
17,29,0.586207,75,5,51,4
18,29,0.620690,97,1,13,6
17,29,0.586207,77,1,15,8
18,29,0.620690,97,2,34,6
18,29,0.620690,76,5,49,4
18,29,0.620690,98,3,35,6
18,29,0.620690,100,2,22,9
19,29,0.655172,79,4,30,4
18,29,0.620690,103,0,12,9
18,29,0.620690,100,3,37,6
18,29,0.620690,102,3,23,9
18,29,0.620690,77,5,51,4
18,29,0.620690,102,2,18,9
18,29,0.620690,98,2,34,6
18,29,0.620690,104,2,22,9
18,29,0.620690,76,5,51,4
18,29,0.620690,101,0,12,9
18,29,0.620690,98,2,34,6
18,29,0.620690,99,3,19,9
19,29,0.655172,79,4,30,4
18,29,0.620690,103,0,12,9
18,29,0.620690,97,3,37,6
18,29,0.620690,100,3,21,9
19,29,0.655172,79,6,54,4
18,29,0.620690,101,1,15,9
18,29,0.620690,98,2,34,6
18,29,0.620690,100,3,21,9
18,29,0.620690,76,4,42,4
18,29,0.620690,102,0,12,9
19,29,0.655172,105,2,34,6
18,29,0.620690,99,0,12,9
18,29,0.620690,78,4,40,4
18,29,0.620690,100,0,12,9
18,29,0.620690,102,2,34,6
18,29,0.620690,101,2,18,9
18,29,0.620690,78,5,47,4
18,29,0.620690,105,0,12,9
16,29,0.551724,98,2,34,6
17,29,0.586207,99,2,22,9
17,29,0.586207,78,5,43,4
17,29,0.586207,102,2,22,9
16,29,0.551724,95,3,37,6
18,29,0.620690,100,2,18,9
18,29,0.620690,76,4,42,4
18,29,0.620690,100,2,18,9
18,29,0.620690,102,0,12,6
16,29,0.551724,73,5,51,4
16,29,0.551724,78,0,12,8
18,29,0.620690,78,0,12,0
18,29,0.620690,76,5,51,4
18,29,0.620690,73,5,51,4
17,29,0.586207,80,1,15,8
17,29,0.586207,79,0,12,0
18,29,0.620690,76,5,49,4
17,29,0.586207,75,5,43,4
18,29,0.620690,78,1,15,8
16,29,0.551724,77,1,15,0
18,29,0.620690,77,5,49,4
16,29,0.551724,76,5,43,4
18,29,0.620690,78,1,15,8
16,29,0.551724,77,1,15,0
19,29,0.655172,73,4,36,4
18,29,0.620690,74,5,45,4
16,29,0.551724,75,2,16,8
18,29,0.620690,78,1,15,0
16,29,0.551724,75,5,51,4
16,29,0.551724,73,5,43,4
16,29,0.551724,78,0,12,8
18,29,0.620690,77,1,15,0
17,29,0.586207,73,5,47,4
18,29,0.620690,74,5,43,4
18,29,0.620690,77,1,15,8
18,29,0.620690,80,0,12,0
16,29,0.551724,73,5,43,4
18,29,0.620690,73,5,45,4
18,29,0.620690,77,1,15,8
18,29,0.620690,79,1,15,0
18,29,0.620690,77,5,47,4
16,29,0.551724,75,4,48,4
18,29,0.620690,78,1,15,8
18,29,0.620690,80,0,12,0
18,29,0.620690,77,4,48,4
18,29,0.620690,74,5,43,4
18,29,0.620690,79,0,12,8
18,29,0.620690,78,1,15,0
17,29,0.586207,73,5,39,4
18,29,0.620690,74,5,51,4
18,29,0.620690,80,0,12,8
6,29,0.206897,64,0,12,1
18,29,0.620690,76,5,45,4
18,29,0.620690,77,5,45,4
17,29,0.586207,78,2,16,8
6,29,0.206897,65,0,12,1
16,29,0.551724,73,5,51,4
16,29,0.551724,75,5,51,4
18,29,0.620690,80,0,12,8
5,29,0.172414,63,1,19,1
18,29,0.620690,76,5,49,4
18,29,0.620690,77,4,48,4
18,29,0.620690,79,0,12,8
5,29,0.172414,64,0,12,1
18,29,0.620690,76,5,43,4
18,29,0.620690,76,5,51,4
18,29,0.620690,80,0,12,8
5,29,0.172414,64,0,12,1
18,29,0.620690,78,5,51,4
18,29,0.620690,76,5,51,4
16,29,0.551724,79,0,12,8
5,29,0.172414,62,0,12,1
18,29,0.620690,75,5,43,4
17,29,0.586207,76,5,51,4
18,29,0.620690,81,0,12,8
5,29,0.172414,64,0,12,1
18,29,0.620690,76,5,51,4
16,29,0.551724,74,5,51,4
18,29,0.620690,80,0,12,8
5,29,0.172414,64,0,12,1
18,29,0.620690,76,5,43,4
18,29,0.620690,75,6,56,4
17,29,0.586207,77,0,12,8
6,29,0.206897,64,1,19,1
18,29,0.620690,76,5,45,4
18,29,0.620690,75,5,51,4
18,29,0.620690,78,0,12,8
5,29,0.172414,64,0,12,1
18,29,0.620690,76,5,51,4
16,29,0.551724,114,5,47,5
18,29,0.620690,121,5,45,5
16,29,0.551724,116,6,54,5
5,29,0.172414,62,1,19,1
18,29,0.620690,122,5,45,5
17,29,0.586207,119,5,45,5
16,29,0.551724,115,5,45,5
5,29,0.172414,64,0,12,1
16,29,0.551724,117,6,54,5
16,29,0.551724,115,5,45,5
18,29,0.620690,122,5,45,5
5,29,0.172414,63,1,19,1
17,29,0.586207,118,6,48,5
18,29,0.620690,123,5,45,5
16,29,0.551724,117,5,45,5
5,29,0.172414,63,1,19,1
16,29,0.551724,115,6,52,5
17,29,0.586207,126,6,52,5
16,29,0.551724,116,5,45,5
5,29,0.172414,64,0,12,1
18,29,0.620690,124,5,45,5
18,29,0.620690,124,5,51,5
16,29,0.551724,113,4,44,5
5,29,0.172414,64,0,12,1
16,29,0.551724,116,5,47,5
18,29,0.620690,122,5,45,5
18,29,0.620690,120,5,45,5
6,29,0.206897,65,0,12,1
16,29,0.551724,116,6,46,5
18,29,0.620690,119,5,45,5
16,29,0.551724,114,4,44,5
5,29,0.172414,63,0,12,1
16,29,0.551724,114,7,51,5
18,29,0.620690,120,5,45,5
16,29,0.551724,115,4,44,5
5,29,0.172414,63,0,12,1
17,29,0.586207,123,5,47,5
17,29,0.586207,121,4,44,5
16,29,0.551724,117,6,46,5
5,29,0.172414,64,0,12,1
18,29,0.620690,123,4,44,5
16,29,0.551724,96,3,39,6
17,29,0.586207,110,4,40,2
5,29,0.172414,63,1,19,1
16,29,0.551724,115,5,45,5
18,29,0.620690,103,2,34,6
16,29,0.551724,104,4,40,2
5,29,0.172414,63,1,13,1
16,29,0.551724,115,5,45,5
16,29,0.551724,102,2,34,6
18,29,0.620690,116,4,40,2
5,29,0.172414,64,2,30,1
16,29,0.551724,114,5,47,5
18,29,0.620690,105,2,34,6
17,29,0.586207,111,4,40,2
5,29,0.172414,63,1,19,1
16,29,0.551724,114,4,44,5
16,29,0.551724,97,2,34,6
16,29,0.551724,106,4,40,2
5,29,0.172414,64,0,12,1
18,29,0.620690,121,4,44,5
16,29,0.551724,97,2,34,6
18,29,0.620690,117,4,40,2
5,29,0.172414,64,0,12,1
16,29,0.551724,117,5,45,5
18,29,0.620690,102,2,34,6
17,29,0.586207,112,5,43,2
5,29,0.172414,62,1,19,1
16,29,0.551724,114,5,45,5
17,29,0.586207,104,2,34,6
18,29,0.620690,113,4,40,2
5,29,0.172414,63,1,19,1
15,29,0.517241,113,5,45,5
18,29,0.620690,101,2,34,6
17,29,0.586207,112,4,40,2
5,29,0.172414,63,1,19,1
17,29,0.586207,123,4,44,5
18,29,0.620690,101,2,34,6
17,29,0.586207,112,4,40,2
6,29,0.206897,64,0,12,1
18,29,0.620690,97,3,37,6
18,29,0.620690,97,2,18,9
18,29,0.620690,108,4,44,2
18,29,0.620690,113,4,44,2
16,29,0.551724,92,3,37,6
18,29,0.620690,98,2,18,9
18,29,0.620690,109,4,44,2
14,29,0.482759,105,5,41,2
17,29,0.586207,96,3,37,6
16,29,0.551724,96,2,22,9
17,29,0.586207,110,4,40,2
18,29,0.620690,112,4,44,2
18,29,0.620690,98,3,37,6
16,29,0.551724,94,4,24,9
18,29,0.620690,109,4,44,2
18,29,0.620690,112,4,40,2
18,29,0.620690,98,3,37,6
18,29,0.620690,101,2,18,9
18,29,0.620690,109,4,44,2
18,29,0.620690,114,4,44,2
18,29,0.620690,97,3,37,6
18,29,0.620690,97,3,19,9
18,29,0.620690,110,4,40,2
16,29,0.551724,104,4,40,2
17,29,0.586207,96,4,38,6
16,29,0.551724,95,4,24,9
18,29,0.620690,109,4,44,2
17,29,0.586207,111,4,40,2
18,29,0.620690,100,3,37,6
18,29,0.620690,98,2,22,9
18,29,0.620690,110,4,40,2
18,29,0.620690,100,1,15,6
16,29,0.551724,93,5,25,9
18,29,0.620690,109,4,44,2
18,29,0.620690,109,4,44,2
18,29,0.620690,99,3,33,6
18,29,0.620690,98,2,18,9
18,29,0.620690,111,6,52,2
16,29,0.551724,106,4,40,2
18,28,0.642857,83,4,40,7
6,29,0.206897,64,0,12,1
17,29,0.586207,83,3,33,7
16,29,0.551724,103,4,26,3
16,28,0.571429,79,4,46,7
6,29,0.206897,65,0,12,1
17,29,0.586207,84,4,46,7
17,29,0.586207,113,3,25,3
16,29,0.551724,76,2,16,0
16,29,0.551724,81,4,46,7
6,29,0.206897,64,0,12,1
18,29,0.620690,86,4,46,7
19,29,0.655172,114,3,25,3
18,29,0.620690,86,4,46,7
6,29,0.206897,65,0,12,1
16,29,0.551724,81,4,46,7
19,29,0.655172,116,3,25,3
16,29,0.551724,82,4,46,7
6,29,0.206897,65,1,15,1
16,29,0.551724,82,4,46,7
19,29,0.655172,113,3,25,3
16,29,0.551724,83,4,46,7
5,29,0.172414,64,0,12,1
16,29,0.551724,83,4,46,7
20,29,0.689655,119,3,25,3
17,29,0.586207,86,4,40,7
6,29,0.206897,65,0,12,1
18,28,0.642857,85,4,46,7
16,29,0.551724,103,4,26,3
16,28,0.571429,82,4,46,7
6,29,0.206897,64,0,12,1
16,29,0.551724,80,4,46,7
17,29,0.586207,109,4,28,3
17,29,0.586207,85,4,46,7
5,29,0.172414,63,2,30,1
16,29,0.551724,83,4,46,7
18,29,0.620690,112,4,30,3
16,29,0.551724,82,4,46,7
17,29,0.586207,99,2,34,6
16,29,0.551724,103,3,29,3
18,29,0.620690,75,5,51,4
16,28,0.571429,81,4,46,7
18,29,0.620690,102,2,34,6
16,29,0.551724,110,3,27,3
18,29,0.620690,76,5,49,4
18,29,0.620690,85,4,46,7
18,29,0.620690,104,2,34,6
18,29,0.620690,78,5,43,4
18,29,0.620690,87,4,40,7
18,29,0.620690,102,2,34,6
17,29,0.586207,113,3,25,3
18,29,0.620690,77,5,51,4
18,29,0.620690,87,4,46,7
17,29,0.586207,100,2,34,6
18,29,0.620690,117,2,24,3
16,29,0.551724,85,5,49,4
18,29,0.620690,86,4,46,7
17,29,0.586207,98,2,34,6
18,29,0.620690,76,5,49,4
16,29,0.551724,81,4,46,7
18,29,0.620690,101,2,34,6
18,29,0.620690,120,2,20,3
16,29,0.551724,82,5,51,4
18,29,0.620690,84,4,46,7
19,29,0.655172,106,2,34,6
17,29,0.586207,120,3,23,3
17,29,0.586207,86,5,41,7
18,29,0.620690,103,2,34,6
18,29,0.620690,119,2,24,3
18,29,0.620690,77,5,49,4
18,29,0.620690,85,4,46,7
18,29,0.620690,103,2,34,6
18,29,0.620690,98,3,19,9
18,28,0.642857,84,4,46,7
17,29,0.586207,123,5,45,5
16,29,0.551724,93,3,23,9
18,28,0.642857,84,4,46,7
16,29,0.551724,115,5,45,5
18,29,0.620690,97,3,19,9
18,29,0.620690,84,4,46,7
16,29,0.551724,112,6,52,5
16,29,0.551724,95,2,20,9
18,29,0.620690,86,4,46,7
18,29,0.620690,98,3,19,9
18,28,0.642857,85,4,46,7
18,29,0.620690,124,5,45,5
16,28,0.571429,83,4,46,7
18,29,0.620690,103,2,18,9
18,29,0.620690,85,4,46,7
18,29,0.620690,122,5,45,5
16,29,0.551724,83,4,46,7
18,29,0.620690,102,2,18,9
17,29,0.586207,86,4,40,7
17,29,0.586207,122,5,45,5
18,29,0.620690,100,2,22,9
16,29,0.551724,81,4,46,7
16,29,0.551724,115,6,50,5
14,29,0.482759,78,4,46,7
17,29,0.586207,84,6,48,7
17,29,0.586207,121,5,45,5
14,29,0.482759,80,4,46,7
14,29,0.482759,82,4,46,7
18,29,0.620690,79,0,12,0
17,29,0.586207,113,4,40,2
17,29,0.586207,109,4,40,2
6,29,0.206897,64,1,19,1
18,29,0.620690,80,0,12,0
17,29,0.586207,110,4,40,2
17,29,0.586207,111,4,40,2
6,29,0.206897,65,2,26,1
18,29,0.620690,80,0,12,0
17,29,0.586207,105,4,40,2
17,29,0.586207,108,4,40,2
6,29,0.206897,64,2,26,1
16,29,0.551724,77,0,12,0
16,29,0.551724,104,4,40,2
17,29,0.586207,108,4,40,2
6,29,0.206897,65,2,26,1
16,29,0.551724,77,2,20,0
16,29,0.551724,100,4,40,2
15,29,0.517241,102,4,40,2
5,29,0.172414,63,1,19,1
18,29,0.620690,77,1,17,0
17,29,0.586207,111,4,40,2
17,29,0.586207,112,4,40,2
6,29,0.206897,64,2,26,1
18,29,0.620690,79,0,12,0
17,29,0.586207,107,4,40,2
17,29,0.586207,110,5,43,2
6,29,0.206897,64,2,26,1
18,29,0.620690,79,0,12,0
17,29,0.586207,106,4,40,2
17,29,0.586207,109,4,40,2
6,29,0.206897,63,2,26,1
16,29,0.551724,76,2,20,0
16,29,0.551724,102,4,40,2
16,29,0.551724,101,4,40,2
6,29,0.206897,64,1,13,1
16,29,0.551724,78,1,17,0
18,29,0.620690,112,4,40,2
17,29,0.586207,110,4,40,2
6,29,0.206897,65,2,26,1
5,29,0.172414,62,1,25,1
18,28,0.642857,85,4,40,7
18,29,0.620690,79,0,12,8
18,29,0.620690,123,4,44,5
5,29,0.172414,63,0,12,1
18,29,0.620690,86,4,46,7
18,29,0.620690,80,0,12,8
16,29,0.551724,113,5,47,5
5,29,0.172414,63,0,12,1
16,28,0.571429,82,4,46,7
18,29,0.620690,79,0,12,8
16,29,0.551724,112,7,49,5
5,29,0.172414,64,0,12,1
17,29,0.586207,85,4,46,7
18,29,0.620690,79,0,12,8
17,29,0.586207,119,6,44,5
5,29,0.172414,63,0,12,1
16,29,0.551724,82,4,46,7
18,29,0.620690,80,0,12,8
16,29,0.551724,113,7,49,5
6,29,0.206897,64,0,12,1
16,29,0.551724,80,4,46,7
17,29,0.586207,78,0,12,8
17,29,0.586207,116,6,44,5
5,29,0.172414,62,1,19,1
16,29,0.551724,80,4,46,7
18,29,0.620690,79,0,12,8
17,29,0.586207,118,7,49,5
5,29,0.172414,63,0,12,1
17,29,0.586207,85,4,40,7
18,29,0.620690,79,1,15,8
18,29,0.620690,123,5,45,5
5,29,0.172414,64,0,12,1
17,29,0.586207,86,4,40,7
18,29,0.620690,80,0,12,8
17,29,0.586207,119,6,44,5
5,29,0.172414,63,0,12,1
18,28,0.642857,86,4,46,7
18,29,0.620690,80,0,12,8
16,29,0.551724,114,6,50,5
17,29,0.586207,111,3,25,3
16,29,0.551724,79,0,12,8
15,29,0.517241,81,4,46,7
5,29,0.172414,62,1,19,1
18,29,0.620690,113,4,28,3
16,29,0.551724,79,0,12,8
16,29,0.551724,82,4,46,7
5,29,0.172414,63,1,19,1
16,29,0.551724,107,4,28,3
16,29,0.551724,79,0,12,8
16,29,0.551724,81,4,46,7
5,29,0.172414,63,1,19,1
16,29,0.551724,106,4,28,3
16,29,0.551724,79,0,12,8
15,29,0.517241,81,4,40,7
5,29,0.172414,63,0,12,1
18,29,0.620690,114,4,28,3
18,29,0.620690,81,0,12,8
14,29,0.482759,80,4,46,7
5,29,0.172414,64,0,12,1
18,29,0.620690,112,4,28,3
16,29,0.551724,78,0,12,8
16,29,0.551724,84,4,46,7
5,29,0.172414,63,1,19,1
16,29,0.551724,106,4,28,3
18,29,0.620690,81,0,12,8
16,29,0.551724,82,4,46,7
5,29,0.172414,63,1,19,1
18,29,0.620690,112,4,28,3
16,29,0.551724,78,0,12,8
14,29,0.482759,80,4,46,7
5,29,0.172414,63,1,19,1
16,29,0.551724,106,4,28,3
18,29,0.620690,80,0,12,8
16,29,0.551724,82,4,46,7
5,29,0.172414,63,1,13,1
16,29,0.551724,107,3,25,3
16,29,0.551724,79,0,12,8
14,29,0.482759,78,4,46,7
5,29,0.172414,62,1,19,1
18,29,0.620690,77,5,51,4
18,29,0.620690,109,4,24,3
17,29,0.586207,78,0,12,0
6,29,0.206897,65,2,26,1
17,29,0.586207,78,5,49,4
18,29,0.620690,114,3,25,3
18,29,0.620690,77,0,12,0
6,29,0.206897,64,0,12,1
18,29,0.620690,78,5,51,4
16,28,0.571429,107,3,23,3
16,29,0.551724,77,0,12,0
5,29,0.172414,63,0,12,1
16,29,0.551724,74,5,51,4
15,29,0.517241,102,4,30,3
17,29,0.586207,79,0,12,0
6,29,0.206897,63,1,13,1
18,29,0.620690,77,6,50,4
16,29,0.551724,108,3,25,3
16,29,0.551724,78,0,12,0
5,29,0.172414,63,1,19,1
16,29,0.551724,73,5,51,4
18,29,0.620690,114,3,25,3
16,29,0.551724,77,2,20,0
5,29,0.172414,64,0,12,1
16,29,0.551724,75,5,49,4
16,29,0.551724,105,4,26,3
16,29,0.551724,76,0,12,0
6,29,0.206897,66,0,12,1
16,29,0.551724,105,3,25,3
16,29,0.551724,77,0,12,0
5,29,0.172414,63,0,12,1
17,29,0.586207,76,6,54,4
18,29,0.620690,112,3,25,3
17,29,0.586207,80,0,12,0
6,29,0.206897,64,1,13,1
16,29,0.551724,81,4,46,7
16,29,0.551724,115,5,45,5
18,29,0.620690,79,0,12,0
18,29,0.620690,79,1,15,0
18,29,0.620690,77,1,15,0
16,29,0.551724,79,4,46,7
16,29,0.551724,120,5,45,5
17,29,0.586207,78,1,15,0
18,29,0.620690,79,1,15,0
16,29,0.551724,80,4,46,7
17,29,0.586207,120,5,45,5
18,29,0.620690,79,0,12,0
18,29,0.620690,79,0,12,0
16,29,0.551724,82,4,46,7
16,29,0.551724,114,5,45,5
16,29,0.551724,79,0,12,0
18,29,0.620690,80,0,12,0
16,29,0.551724,83,4,40,7
17,29,0.586207,119,5,45,5
16,29,0.551724,78,0,12,0
18,29,0.620690,80,0,12,0
16,29,0.551724,82,4,46,7
16,29,0.551724,112,5,47,5
16,29,0.551724,78,0,12,0
16,29,0.551724,78,0,12,0
16,29,0.551724,80,4,46,7
16,29,0.551724,115,5,47,5
18,29,0.620690,80,0,12,0
16,29,0.551724,77,1,15,0
16,29,0.551724,83,4,46,7
16,29,0.551724,118,5,47,5
16,29,0.551724,78,0,12,0
16,29,0.551724,77,1,15,0
16,29,0.551724,83,4,46,7
16,29,0.551724,113,4,44,5
18,29,0.620690,79,0,12,0
18,29,0.620690,79,0,12,0
14,29,0.482759,79,3,39,7
16,29,0.551724,117,4,44,5
16,29,0.551724,78,0,12,0
18,29,0.620690,81,0,12,0
18,29,0.620690,99,3,19,9
16,29,0.551724,105,4,36,2
5,29,0.172414,62,1,19,1
18,29,0.620690,99,1,15,9
18,29,0.620690,109,4,40,2
6,29,0.206897,64,0,12,1
18,29,0.620690,104,0,12,9
18,29,0.620690,111,4,40,2
17,29,0.586207,113,3,23,3
6,29,0.206897,64,2,26,1
17,29,0.586207,99,3,21,9
17,29,0.586207,107,5,39,2
6,29,0.206897,64,2,26,1
18,29,0.620690,104,2,22,9
18,29,0.620690,112,4,44,2
5,29,0.172414,63,1,19,1
18,29,0.620690,98,3,23,9
18,29,0.620690,112,4,40,2
18,29,0.620690,113,2,20,3
5,29,0.172414,63,1,19,1
18,29,0.620690,99,0,12,9
19,29,0.655172,114,4,44,2
19,29,0.655172,116,3,25,3
6,29,0.206897,64,2,26,1
17,29,0.586207,99,2,18,9
17,29,0.586207,109,4,40,2
6,29,0.206897,62,2,26,1
18,29,0.620690,102,2,18,9
16,29,0.551724,106,4,36,2
5,29,0.172414,62,1,19,1
18,29,0.620690,98,3,19,9
18,29,0.620690,113,4,40,2
16,29,0.551724,105,4,30,3
5,29,0.172414,63,1,19,1
16,29,0.551724,76,0,12,0
18,29,0.620690,78,0,12,0
18,29,0.620690,111,2,20,3
16,29,0.551724,77,0,12,0
18,29,0.620690,77,0,12,0
16,29,0.551724,106,3,25,3
18,29,0.620690,77,1,15,0
17,29,0.586207,77,1,15,0
16,29,0.551724,105,3,21,3
16,29,0.551724,74,2,20,0
18,29,0.620690,78,0,12,0
18,29,0.620690,113,3,21,3
18,29,0.620690,79,0,12,0
18,29,0.620690,77,0,12,0
18,29,0.620690,108,3,25,3
18,29,0.620690,78,0,12,0
18,29,0.620690,77,1,15,0
17,29,0.586207,108,4,26,3
18,29,0.620690,79,0,12,0
18,29,0.620690,79,0,12,0
18,29,0.620690,112,3,25,3
18,29,0.620690,80,0,12,0
18,29,0.620690,79,0,12,0
18,29,0.620690,114,3,25,3
18,29,0.620690,78,0,12,0
18,29,0.620690,78,0,12,0
18,29,0.620690,108,4,28,3
18,29,0.620690,77,0,12,0
18,29,0.620690,80,0,12,0
18,29,0.620690,117,3,23,3
16,29,0.551724,75,5,45,4
16,29,0.551724,105,5,29,3
6,29,0.206897,64,2,26,1
16,29,0.551724,103,5,39,2
18,29,0.620690,75,5,45,4
17,29,0.586207,109,3,25,3
6,29,0.206897,62,1,19,1
16,29,0.551724,105,5,39,2
18,29,0.620690,76,5,51,4
17,29,0.586207,109,3,25,3
6,29,0.206897,64,2,26,1
16,29,0.551724,103,5,35,2
16,29,0.551724,75,5,45,4
17,29,0.586207,109,3,25,3
5,29,0.172414,63,1,19,1
15,29,0.517241,100,5,35,2
18,29,0.620690,76,5,45,4
15,29,0.517241,99,5,29,3
5,29,0.172414,62,1,19,1
16,29,0.551724,106,5,39,2
17,29,0.586207,77,5,43,4
18,29,0.620690,112,2,24,3
5,29,0.172414,63,1,19,1
18,29,0.620690,107,5,39,2
18,29,0.620690,76,5,51,4
17,29,0.586207,107,4,28,3
6,29,0.206897,64,1,19,1
16,29,0.551724,106,5,35,2
16,29,0.551724,74,5,51,4
17,29,0.586207,105,4,24,3
5,29,0.172414,63,2,26,1
15,29,0.517241,100,5,35,2
18,29,0.620690,76,5,49,4
16,29,0.551724,107,2,24,3
6,29,0.206897,64,0,12,1
16,29,0.551724,103,5,35,2
16,29,0.551724,76,5,49,4
18,29,0.620690,111,3,25,3
5,29,0.172414,63,0,12,1
16,29,0.551724,101,5,35,2
16,29,0.551724,78,0,12,0
16,29,0.551724,98,3,25,9
17,29,0.586207,113,3,25,3
18,29,0.620690,80,0,12,8
17,29,0.586207,77,1,15,0
15,29,0.517241,96,3,21,9
17,29,0.586207,117,4,28,3
18,29,0.620690,80,0,12,8
17,29,0.586207,80,0,12,0
17,29,0.586207,102,3,25,9
17,29,0.586207,113,4,28,3
16,29,0.551724,78,0,12,8
18,29,0.620690,81,0,12,0
17,29,0.586207,102,3,25,9
18,29,0.620690,114,3,25,3
16,29,0.551724,78,0,12,8
16,29,0.551724,77,1,17,0
16,29,0.551724,98,3,23,9
18,29,0.620690,113,3,25,3
18,29,0.620690,81,0,12,8
16,29,0.551724,78,0,12,0
18,29,0.620690,105,0,12,9
16,29,0.551724,109,3,25,3
18,29,0.620690,80,0,12,8
16,29,0.551724,78,0,12,0
18,29,0.620690,105,2,22,9
16,29,0.551724,110,4,26,3
18,29,0.620690,81,0,12,8
18,29,0.620690,79,0,12,0
15,29,0.517241,97,3,23,9
17,29,0.586207,115,4,28,3
18,29,0.620690,81,0,12,8
16,29,0.551724,77,0,12,0
18,29,0.620690,103,2,22,9
18,29,0.620690,116,3,25,3
18,29,0.620690,81,0,12,8
16,29,0.551724,77,1,15,0
16,29,0.551724,98,3,25,9
16,29,0.551724,107,3,25,3
18,29,0.620690,80,0,12,8
18,29,0.620690,80,0,12,0
17,29,0.586207,104,3,25,9
17,29,0.586207,118,4,28,3
18,29,0.620690,82,0,12,8
18,29,0.620690,80,0,12,0
17,29,0.586207,100,3,25,9
16,29,0.551724,108,4,28,3
18,29,0.620690,83,0,12,8
17,29,0.586207,81,0,12,0
17,29,0.586207,101,2,22,9
16,29,0.551724,105,7,43,3
18,29,0.620690,79,0,12,8
17,29,0.586207,79,0,12,0
17,29,0.586207,105,2,22,9
16,29,0.551724,76,1,17,8
18,29,0.620690,82,0,12,0
16,29,0.551724,98,1,17,9
17,29,0.586207,116,4,28,3
17,29,0.586207,80,0,12,8
17,29,0.586207,81,0,12,0
17,29,0.586207,104,2,22,9
17,29,0.586207,108,4,28,3
18,29,0.620690,80,0,12,8
18,29,0.620690,80,0,12,0
18,29,0.620690,103,2,22,9
17,29,0.586207,113,4,28,3
18,29,0.620690,80,0,12,8
17,29,0.586207,79,0,12,0
17,29,0.586207,101,3,25,9
17,29,0.586207,115,5,35,3
16,29,0.551724,77,0,12,8
17,29,0.586207,79,0,12,0
17,29,0.586207,104,2,22,9
18,29,0.620690,112,4,28,3
18,29,0.620690,79,1,17,8
17,29,0.586207,79,0,12,0
16,29,0.551724,99,1,17,9
17,29,0.586207,114,4,28,3
17,29,0.586207,80,0,12,8
18,29,0.620690,108,5,43,2
16,29,0.551724,93,3,21,9
16,29,0.551724,91,4,34,6
16,29,0.551724,101,5,27,3
16,29,0.551724,103,5,39,2
18,29,0.620690,100,3,19,9
18,29,0.620690,97,3,37,6
16,29,0.551724,104,3,25,3
16,29,0.551724,104,5,39,2
18,29,0.620690,98,3,19,9
18,29,0.620690,96,2,34,6
16,29,0.551724,102,4,24,3
17,29,0.586207,105,4,40,2
18,29,0.620690,99,3,19,9
17,29,0.586207,98,2,34,6
16,29,0.551724,105,4,28,3
17,29,0.586207,110,4,40,2
18,29,0.620690,99,3,19,9
18,29,0.620690,97,2,34,6
16,29,0.551724,106,3,25,3
18,29,0.620690,110,4,40,2
18,29,0.620690,101,4,26,9
18,29,0.620690,96,3,37,6
18,29,0.620690,112,4,28,3
17,29,0.586207,107,4,40,2
18,29,0.620690,98,3,19,9
16,29,0.551724,92,3,37,6
16,29,0.551724,103,4,26,3
18,29,0.620690,108,4,40,2
18,29,0.620690,101,3,21,9
18,29,0.620690,98,3,37,6
16,29,0.551724,105,4,28,3
16,29,0.551724,108,5,39,2
18,29,0.620690,102,2,18,9
18,29,0.620690,98,2,34,6
16,29,0.551724,104,5,25,3
18,29,0.620690,108,5,39,2
18,29,0.620690,100,2,18,9
16,29,0.551724,94,4,38,6
18,29,0.620690,109,4,24,3
18,29,0.620690,111,4,44,2
18,29,0.620690,100,3,19,9
18,29,0.620690,98,3,33,6
18,29,0.620690,110,3,23,3
19,29,0.655172,116,4,40,2
18,29,0.620690,98,3,23,9
18,29,0.620690,96,2,34,6
16,29,0.551724,103,4,28,3
16,28,0.571429,102,5,39,2
18,29,0.620690,99,3,19,9
18,29,0.620690,97,3,33,6
17,29,0.586207,108,5,29,3
18,29,0.620690,110,4,40,2
18,29,0.620690,98,3,23,9
18,29,0.620690,97,2,30,6
16,29,0.551724,106,3,21,3
16,29,0.551724,104,5,39,2
18,29,0.620690,99,3,19,9
18,29,0.620690,97,2,30,6
18,29,0.620690,111,4,28,3
16,29,0.551724,106,4,40,2
18,29,0.620690,101,2,18,9
18,29,0.620690,96,2,34,6
18,29,0.620690,108,5,27,3
18,29,0.620690,111,4,44,2
18,29,0.620690,101,2,18,9
18,29,0.620690,96,2,34,6
18,29,0.620690,113,4,26,3
18,29,0.620690,109,4,40,2
18,29,0.620690,98,3,19,9
18,29,0.620690,97,2,34,6
16,29,0.551724,102,7,33,3
19,29,0.655172,114,4,44,2
18,29,0.620690,100,3,21,9
18,29,0.620690,96,3,37,6
16,29,0.551724,103,5,23,3
16,29,0.551724,102,4,40,2
18,29,0.620690,98,3,23,9
18,29,0.620690,96,2,34,6
18,29,0.620690,109,4,26,3
18,29,0.620690,112,4,40,2
16,29,0.551724,98,1,15,9
17,29,0.586207,99,2,34,6
17,29,0.586207,114,3,25,3
18,29,0.620690,112,4,40,2
16,29,0.551724,97,1,15,9
16,29,0.551724,97,2,34,6
16,29,0.551724,109,4,28,3
18,29,0.620690,113,4,40,2
17,29,0.586207,101,3,25,9
16,29,0.551724,96,3,37,6
17,29,0.586207,111,3,25,3
18,29,0.620690,109,4,40,2
16,29,0.551724,96,1,15,9
16,29,0.551724,96,3,37,6
17,29,0.586207,111,3,25,3
18,29,0.620690,108,4,40,2
16,29,0.551724,96,2,20,9
18,29,0.620690,100,2,34,6
17,29,0.586207,114,3,25,3
18,29,0.620690,110,4,40,2
16,29,0.551724,98,2,22,9
16,29,0.551724,97,3,41,6
17,29,0.586207,113,4,28,3
16,29,0.551724,105,4,40,2
16,29,0.551724,98,3,21,9
16,29,0.551724,94,4,44,6
18,29,0.620690,74,5,51,4
5,29,0.172414,63,0,12,1
16,29,0.551724,82,4,46,7
18,29,0.620690,99,3,25,9
18,29,0.620690,74,5,51,4
5,29,0.172414,64,0,12,1
18,28,0.642857,85,4,46,7
18,29,0.620690,98,2,22,9
18,29,0.620690,76,5,51,4
5,29,0.172414,63,1,19,1
16,29,0.551724,82,4,46,7
18,29,0.620690,100,2,22,9
16,29,0.551724,73,5,51,4
5,29,0.172414,63,0,12,1
18,28,0.642857,86,4,46,7
18,29,0.620690,100,2,22,9
18,29,0.620690,76,5,51,4
5,29,0.172414,63,1,19,1
18,29,0.620690,85,4,46,7
17,29,0.586207,99,3,23,9
18,29,0.620690,75,5,51,4
5,29,0.172414,63,0,12,1
18,28,0.642857,85,4,46,7
18,29,0.620690,99,2,22,9
18,29,0.620690,74,5,51,4
6,29,0.206897,64,0,12,1
18,29,0.620690,83,4,46,7
19,29,0.655172,103,0,12,9
18,29,0.620690,75,5,51,4
6,29,0.206897,65,2,26,1
16,29,0.551724,79,4,46,7
17,29,0.586207,98,3,23,9
18,29,0.620690,74,5,51,4
6,29,0.206897,63,0,12,1
16,29,0.551724,80,4,46,7
19,29,0.655172,102,2,22,9
18,29,0.620690,75,5,51,4
6,29,0.206897,63,0,12,1
16,29,0.551724,79,4,46,7
19,29,0.655172,102,0,12,9
17,29,0.586207,98,4,26,9
16,29,0.551724,108,4,40,2
16,29,0.551724,108,3,25,3
18,29,0.620690,76,6,50,4
17,29,0.586207,100,1,17,9
17,29,0.586207,112,5,49,2
18,29,0.620690,117,3,25,3
18,29,0.620690,76,6,50,4
18,29,0.620690,103,4,26,9
17,29,0.586207,110,6,48,2
16,29,0.551724,109,5,29,3
18,29,0.620690,75,5,47,4
18,29,0.620690,103,2,22,9
17,29,0.586207,113,4,40,2
17,29,0.586207,113,4,28,3
18,29,0.620690,76,6,60,4
16,28,0.571429,105,4,40,2
17,29,0.586207,113,4,28,3
18,29,0.620690,77,5,43,4
18,29,0.620690,100,2,22,9
17,29,0.586207,112,4,40,2
17,29,0.586207,115,3,25,3
18,29,0.620690,75,5,51,4
17,29,0.586207,103,2,22,9
17,29,0.586207,109,4,40,2
17,29,0.586207,111,4,30,3
18,29,0.620690,76,5,53,4
18,29,0.620690,103,0,12,9
17,29,0.586207,112,4,40,2
18,29,0.620690,116,4,28,3
18,29,0.620690,76,6,54,4
17,29,0.586207,99,0,12,9
17,29,0.586207,113,4,40,2
17,29,0.586207,110,4,30,3
16,29,0.551724,75,6,56,4
18,29,0.620690,102,0,12,9
17,29,0.586207,110,4,40,2
17,29,0.586207,110,3,25,3
18,29,0.620690,78,5,45,4
18,29,0.620690,77,0,12,0
6,29,0.206897,65,0,12,1
18,29,0.620690,77,2,16,8
16,29,0.551724,73,5,49,4
18,29,0.620690,80,0,12,0
6,29,0.206897,65,0,12,1
18,29,0.620690,77,1,15,8
18,29,0.620690,74,5,51,4
18,29,0.620690,76,1,15,0
6,29,0.206897,65,0,12,1
18,29,0.620690,78,1,15,8
18,29,0.620690,75,5,49,4
18,29,0.620690,77,0,12,0
6,29,0.206897,65,0,12,1
19,29,0.655172,78,0,12,8
16,29,0.551724,73,5,51,4
18,29,0.620690,78,0,12,0
6,29,0.206897,65,0,12,1
18,29,0.620690,76,2,16,8
18,29,0.620690,77,5,49,4
18,29,0.620690,78,0,12,0
5,29,0.172414,64,0,12,1
18,29,0.620690,78,1,15,8
18,29,0.620690,75,5,51,4
17,29,0.586207,78,1,15,0
6,29,0.206897,62,1,13,1
19,29,0.655172,78,0,12,8
18,29,0.620690,77,4,38,4
16,29,0.551724,77,1,17,0
5,29,0.172414,63,0,12,1
17,29,0.586207,77,1,15,8
18,29,0.620690,75,6,62,4
18,29,0.620690,78,0,12,0
5,29,0.172414,63,0,12,1
18,29,0.620690,78,1,15,8
18,29,0.620690,76,6,56,4
18,29,0.620690,77,0,12,0
6,29,0.206897,63,1,13,1
18,29,0.620690,80,0,12,8
18,29,0.620690,76,6,56,4
18,29,0.620690,77,1,15,0
16,29,0.551724,107,3,25,3
18,29,0.620690,101,2,18,9
18,29,0.620690,98,3,35,6
18,29,0.620690,77,2,16,0
17,29,0.586207,111,4,26,3
18,29,0.620690,101,2,22,9
18,29,0.620690,100,2,34,6
18,29,0.620690,79,1,15,0
18,29,0.620690,115,3,25,3
18,29,0.620690,98,2,18,9
16,29,0.551724,92,4,40,6
18,29,0.620690,76,1,15,0
17,29,0.586207,108,3,25,3
18,29,0.620690,101,2,18,9
18,29,0.620690,76,1,15,0
18,29,0.620690,98,2,34,6
17,29,0.586207,78,1,13,8
6,29,0.206897,63,1,19,1
18,29,0.620690,78,0,12,0
16,29,0.551724,95,4,46,6
17,29,0.586207,76,1,13,8
6,29,0.206897,62,1,19,1
18,29,0.620690,76,1,15,0
18,29,0.620690,98,2,34,6
18,29,0.620690,79,0,12,8
6,29,0.206897,63,1,19,1
17,29,0.586207,78,1,15,0
17,29,0.586207,97,3,41,6
19,29,0.655172,79,0,12,8
6,29,0.206897,63,2,26,1
18,29,0.620690,76,1,15,0
18,29,0.620690,97,2,34,6
16,29,0.551724,75,2,18,8
6,29,0.206897,63,1,19,1
18,29,0.620690,76,1,15,0
18,29,0.620690,99,2,34,6
16,29,0.551724,75,2,18,8
6,29,0.206897,64,1,19,1
18,29,0.620690,79,0,12,0
18,29,0.620690,98,2,34,6
17,29,0.586207,78,0,12,8
5,29,0.172414,61,1,19,1
18,29,0.620690,78,0,12,0
18,29,0.620690,99,2,34,6
17,29,0.586207,78,0,12,8
5,29,0.172414,62,1,19,1
19,29,0.655172,78,0,12,0
17,29,0.586207,95,4,36,6
18,29,0.620690,78,1,17,8
6,29,0.206897,64,2,26,1
18,29,0.620690,77,1,15,0
16,29,0.551724,96,2,34,6
17,29,0.586207,77,0,12,8
5,29,0.172414,62,1,19,1
18,28,0.642857,85,4,46,7
18,28,0.642857,85,4,46,7
18,29,0.620690,100,2,34,6
18,29,0.620690,75,5,51,4
16,29,0.551724,113,5,47,5
18,29,0.620690,86,4,46,7
18,29,0.620690,99,2,34,6
18,29,0.620690,76,5,43,4
16,29,0.551724,111,6,52,5
18,29,0.620690,87,4,40,7
18,29,0.620690,98,2,34,6
18,29,0.620690,75,5,49,4
16,29,0.551724,111,6,50,5
18,28,0.642857,85,4,46,7
18,29,0.620690,100,2,34,6
18,29,0.620690,75,5,51,4
16,29,0.551724,113,5,47,5
18,29,0.620690,86,4,46,7
18,29,0.620690,99,2,34,6
18,29,0.620690,76,5,43,4
16,29,0.551724,111,6,52,5
18,29,0.620690,87,4,40,7
18,29,0.620690,98,2,34,6
18,29,0.620690,75,5,49,4
16,29,0.551724,111,6,50,5
16,29,0.551724,83,4,46,7
16,29,0.551724,94,3,37,6
18,29,0.620690,76,5,51,4
18,29,0.620690,119,5,45,5
18,28,0.642857,84,4,40,7
18,29,0.620690,98,2,34,6
16,29,0.551724,74,5,49,4
18,29,0.620690,119,5,45,5
16,28,0.571429,82,4,46,7
18,29,0.620690,99,2,34,6
16,29,0.551724,76,5,49,4
16,29,0.551724,111,6,50,5
16,28,0.571429,81,4,46,7
17,29,0.586207,96,3,37,6
16,29,0.551724,74,5,49,4
15,29,0.517241,110,7,53,5
16,28,0.571429,82,4,46,7
17,29,0.586207,95,3,37,6
16,29,0.551724,74,5,49,4
17,29,0.586207,120,5,45,5
16,28,0.571429,82,4,46,7
16,29,0.551724,96,2,34,6
16,29,0.551724,76,5,49,4
16,29,0.551724,115,5,45,5
16,28,0.571429,83,4,46,7
18,29,0.620690,98,2,34,6
18,29,0.620690,76,5,49,4
16,29,0.551724,111,6,50,5
16,29,0.551724,76,1,15,0
5,29,0.172414,64,0,12,1
17,29,0.586207,76,5,43,4
16,29,0.551724,104,5,33,3
16,29,0.551724,75,2,20,0
5,29,0.172414,63,1,19,1
16,29,0.551724,72,5,51,4
17,29,0.586207,108,3,25,3
17,29,0.586207,80,0,12,0
5,29,0.172414,62,2,26,1
16,29,0.551724,73,5,49,4
16,29,0.551724,104,4,30,3
16,29,0.551724,76,2,20,0
5,29,0.172414,64,0,12,1
16,29,0.551724,72,5,49,4
16,29,0.551724,103,5,33,3
16,29,0.551724,76,1,15,0
5,29,0.172414,63,1,19,1
16,29,0.551724,73,5,51,4
18,29,0.620690,117,4,28,3
16,29,0.551724,76,1,15,0
5,29,0.172414,64,0,12,1
16,29,0.551724,74,5,49,4
16,29,0.551724,104,5,31,3
16,29,0.551724,76,2,20,0
5,29,0.172414,63,1,19,1
17,29,0.586207,75,5,43,4
15,29,0.517241,103,5,33,3
16,29,0.551724,77,1,15,0
5,29,0.172414,62,2,26,1
16,29,0.551724,75,5,49,4
16,29,0.551724,104,4,30,3
16,29,0.551724,76,1,15,0
5,29,0.172414,63,1,25,1
16,29,0.551724,76,5,49,4
16,29,0.551724,103,5,31,3
17,29,0.586207,79,0,12,0
5,29,0.172414,63,0,12,1
17,29,0.586207,76,5,43,4
16,29,0.551724,102,5,31,3
16,29,0.551724,110,6,52,5
17,29,0.586207,82,4,46,7
18,29,0.620690,113,4,44,2
18,29,0.620690,84,5,47,7
16,29,0.551724,116,6,48,5
18,29,0.620690,82,4,46,7
18,29,0.620690,111,4,40,2
16,29,0.551724,79,4,46,7
16,29,0.551724,115,5,45,5
18,29,0.620690,84,4,46,7
19,29,0.655172,114,4,44,2
18,29,0.620690,121,5,45,5
18,29,0.620690,84,4,46,7
18,29,0.620690,108,4,40,2
17,29,0.586207,84,4,46,7
16,29,0.551724,111,5,47,5
18,29,0.620690,84,4,46,7
17,29,0.586207,109,4,40,2
16,29,0.551724,81,4,46,7
16,29,0.551724,115,5,45,5
18,28,0.642857,84,4,46,7
18,29,0.620690,107,4,40,2
18,29,0.620690,86,4,46,7
17,29,0.586207,117,5,47,5
18,29,0.620690,85,4,46,7
17,29,0.586207,105,4,40,2
17,29,0.586207,84,4,46,7
18,29,0.620690,122,4,44,5
17,29,0.586207,82,3,39,7
18,29,0.620690,111,4,44,2
18,29,0.620690,84,4,46,7
17,29,0.586207,120,5,45,5
18,29,0.620690,84,4,46,7
19,29,0.655172,115,4,44,2
18,29,0.620690,85,4,46,7
16,29,0.551724,115,5,47,5
18,29,0.620690,84,4,46,7
19,29,0.655172,117,4,44,2
18,28,0.642857,84,4,46,7
17,29,0.586207,97,3,37,6
17,29,0.586207,97,3,37,6
18,29,0.620690,78,5,49,4
18,29,0.620690,103,2,22,9
17,29,0.586207,96,3,37,6
17,29,0.586207,99,2,34,6
18,29,0.620690,78,5,49,4
18,29,0.620690,102,2,22,9
16,29,0.551724,96,3,37,6
16,29,0.551724,96,3,37,6
18,29,0.620690,77,5,49,4
16,29,0.551724,95,3,27,9
17,29,0.586207,98,3,37,6
17,29,0.586207,95,2,34,6
18,29,0.620690,77,5,49,4
18,29,0.620690,101,2,22,9
18,29,0.620690,102,3,37,6
17,29,0.586207,99,2,34,6
18,29,0.620690,79,5,49,4
18,29,0.620690,99,2,22,9
17,29,0.586207,95,3,37,6
17,29,0.586207,102,3,37,6
18,29,0.620690,76,5,45,4
16,29,0.551724,93,4,28,9
17,29,0.586207,98,3,37,6
17,29,0.586207,96,3,37,6
18,29,0.620690,103,2,22,9
17,29,0.586207,99,3,37,6
16,29,0.551724,96,3,37,6
18,29,0.620690,77,5,49,4
18,29,0.620690,99,2,22,9
18,29,0.620690,101,3,37,6
16,29,0.551724,96,3,37,6
18,29,0.620690,77,5,49,4
18,29,0.620690,99,2,22,9
18,29,0.620690,101,3,37,6
18,29,0.620690,77,5,49,4
18,29,0.620690,97,2,22,9
18,29,0.620690,79,0,12,8
18,29,0.620690,97,1,15,9
18,29,0.620690,81,1,13,8
18,29,0.620690,77,1,15,8
17,29,0.586207,77,1,15,8
18,29,0.620690,98,3,23,9
17,29,0.586207,77,2,16,8
17,29,0.586207,77,1,15,8
16,29,0.551724,77,0,12,8
18,29,0.620690,99,3,21,9
17,29,0.586207,76,2,16,8
18,29,0.620690,79,0,12,8
18,29,0.620690,80,0,12,8
18,29,0.620690,103,2,22,9
18,29,0.620690,81,0,12,8
18,29,0.620690,80,0,12,8
17,29,0.586207,77,1,15,8
18,29,0.620690,100,2,22,9
18,29,0.620690,79,0,12,8
16,29,0.551724,75,1,15,8
18,29,0.620690,78,0,12,8
18,29,0.620690,99,2,22,9
18,29,0.620690,80,2,16,8
18,29,0.620690,78,0,12,8
18,29,0.620690,80,0,12,8
18,29,0.620690,98,2,22,9
18,29,0.620690,81,1,13,8
16,29,0.551724,75,1,15,8
18,29,0.620690,79,0,12,8
18,29,0.620690,99,2,22,9
18,29,0.620690,78,0,12,8
18,29,0.620690,79,0,12,8
17,29,0.586207,78,1,15,8
18,29,0.620690,97,3,23,9
17,29,0.586207,76,1,15,8
18,29,0.620690,76,1,15,8
16,29,0.551724,75,1,15,8
18,29,0.620690,97,3,23,9
18,29,0.620690,77,1,15,8
18,29,0.620690,76,1,15,8
18,29,0.620690,100,2,22,9
17,29,0.586207,110,4,44,2
16,28,0.571429,80,3,39,7
16,29,0.551724,96,2,22,9
16,29,0.551724,103,4,40,2
17,29,0.586207,86,3,33,7
18,29,0.620690,102,2,22,9
17,29,0.586207,110,4,44,2
17,29,0.586207,87,4,46,7
16,29,0.551724,96,1,15,9
18,29,0.620690,109,4,44,2
16,29,0.551724,83,4,46,7
18,29,0.620690,101,2,22,9
18,29,0.620690,110,4,44,2
17,29,0.586207,84,3,33,7
16,29,0.551724,97,2,18,9
18,29,0.620690,113,4,44,2
16,29,0.551724,83,4,46,7
18,29,0.620690,100,4,26,9
17,29,0.586207,108,4,40,2
18,29,0.620690,91,4,40,7
18,29,0.620690,102,2,18,9
16,29,0.551724,105,4,36,2
16,29,0.551724,84,4,46,7
16,29,0.551724,96,1,15,9
18,29,0.620690,112,4,44,2
17,29,0.586207,87,5,47,7
16,29,0.551724,98,0,12,9
18,29,0.620690,111,4,44,2
18,29,0.620690,86,4,46,7
16,29,0.551724,105,4,36,2
18,29,0.620690,77,6,52,4
18,29,0.620690,77,0,12,0
16,29,0.551724,102,4,36,2
16,29,0.551724,103,4,40,2
16,29,0.551724,75,5,51,4
18,29,0.620690,77,1,15,0
17,29,0.586207,109,4,40,2
16,29,0.551724,103,4,40,2
18,29,0.620690,77,6,52,4
18,29,0.620690,77,1,15,0
18,29,0.620690,109,4,44,2
18,29,0.620690,111,4,40,2
18,29,0.620690,77,5,51,4
18,29,0.620690,79,0,12,0
18,29,0.620690,105,4,40,2
18,28,0.642857,110,4,44,2
18,29,0.620690,75,5,51,4
18,29,0.620690,78,1,15,0
18,29,0.620690,106,4,40,2
17,29,0.586207,110,4,40,2
18,29,0.620690,77,5,51,4
18,29,0.620690,78,1,15,0
16,29,0.551724,99,5,43,2
18,29,0.620690,110,4,40,2
18,29,0.620690,77,5,51,4
18,29,0.620690,80,0,12,0
18,29,0.620690,105,4,40,2
18,29,0.620690,111,4,40,2
18,29,0.620690,76,4,48,4
18,29,0.620690,78,0,12,0
19,29,0.655172,115,4,44,2
17,29,0.586207,110,4,40,2
18,29,0.620690,77,5,51,4
18,29,0.620690,77,0,12,0
18,29,0.620690,107,4,40,2
17,29,0.586207,110,4,40,2
18,29,0.620690,77,4,48,4
18,29,0.620690,79,0,12,0
18,29,0.620690,106,4,40,2
17,29,0.586207,109,4,40,2
16,29,0.551724,121,4,44,5
18,29,0.620690,79,0,12,8
18,29,0.620690,112,4,40,2
16,29,0.551724,104,4,40,2
16,29,0.551724,115,5,45,5
16,29,0.551724,77,1,15,8
18,29,0.620690,112,4,40,2
17,29,0.586207,109,4,40,2
16,29,0.551724,121,4,44,5
18,29,0.620690,79,0,12,8
18,29,0.620690,112,4,40,2
16,29,0.551724,104,4,40,2
16,29,0.551724,115,5,45,5
16,29,0.551724,77,1,15,8
18,29,0.620690,112,4,40,2
18,29,0.620690,115,4,40,2
15,29,0.517241,112,7,47,5
18,29,0.620690,79,0,12,8
17,29,0.586207,110,4,46,2
18,29,0.620690,112,4,40,2
15,29,0.517241,113,6,50,5
18,29,0.620690,80,0,12,8
17,29,0.586207,109,4,40,2
17,29,0.586207,109,4,40,2
17,29,0.586207,120,5,45,5
18,29,0.620690,81,0,12,8
17,29,0.586207,108,4,40,2
16,29,0.551724,103,4,40,2
16,29,0.551724,115,5,47,5
18,29,0.620690,79,0,12,8
18,29,0.620690,114,4,46,2
16,29,0.551724,102,4,40,2
16,29,0.551724,113,4,44,5
18,29,0.620690,79,0,12,8
17,29,0.586207,111,4,40,2
16,29,0.551724,106,4,40,2
16,29,0.551724,116,5,45,5
16,29,0.551724,77,1,17,8
18,29,0.620690,111,4,40,2
16,29,0.551724,107,4,40,2
16,29,0.551724,117,4,44,5
16,29,0.551724,78,0,12,8
18,29,0.620690,113,4,40,2
18,29,0.620690,109,4,40,2
16,29,0.551724,113,5,49,5
16,29,0.551724,77,1,15,8
18,29,0.620690,113,4,40,2
18,29,0.620690,122,4,44,5
16,29,0.551724,105,4,40,2
17,29,0.586207,84,4,46,7
20,29,0.689655,80,0,12,0
18,29,0.620690,119,4,44,5
17,29,0.586207,107,4,40,2
17,29,0.586207,84,3,33,7
18,29,0.620690,78,0,12,0
17,29,0.586207,120,4,44,5
17,29,0.586207,107,4,40,2
16,29,0.551724,82,4,46,7
19,29,0.655172,82,0,12,0
16,29,0.551724,113,4,44,5
18,29,0.620690,115,4,40,2
19,29,0.655172,89,5,41,7
18,29,0.620690,79,0,12,0
18,29,0.620690,118,4,44,5
18,29,0.620690,110,4,40,2
17,29,0.586207,84,4,46,7
18,29,0.620690,77,0,12,0
16,29,0.551724,112,5,47,5
18,29,0.620690,107,4,44,2
16,28,0.571429,80,4,46,7
20,29,0.689655,82,0,12,0
18,29,0.620690,118,4,44,5
16,29,0.551724,105,4,40,2
17,29,0.586207,85,4,46,7
18,29,0.620690,77,0,12,0
18,29,0.620690,120,4,44,5
18,29,0.620690,112,4,40,2
17,29,0.586207,84,4,46,7
20,29,0.689655,82,0,12,0
16,29,0.551724,113,5,45,5
18,29,0.620690,107,4,40,2
17,29,0.586207,84,4,46,7
18,29,0.620690,79,0,12,0
18,29,0.620690,122,4,44,5
18,29,0.620690,110,4,40,2
17,29,0.586207,84,4,46,7
20,29,0.689655,81,0,12,0
6,29,0.206897,65,0,12,1
17,29,0.586207,121,6,46,5
18,29,0.620690,76,1,15,8
18,29,0.620690,76,5,49,4
6,29,0.206897,65,0,12,1
16,29,0.551724,112,6,46,5
18,29,0.620690,78,0,12,8
18,29,0.620690,76,5,49,4
5,29,0.172414,61,1,25,1
18,29,0.620690,118,5,45,5
17,29,0.586207,77,1,15,8
18,29,0.620690,78,5,49,4
5,29,0.172414,63,0,12,1
17,29,0.586207,117,6,46,5
18,29,0.620690,76,1,15,8
18,29,0.620690,78,5,49,4
5,29,0.172414,63,0,12,1
16,29,0.551724,111,6,48,5
16,29,0.551724,76,1,15,8
18,29,0.620690,76,5,49,4
6,29,0.206897,65,1,17,1
17,29,0.586207,117,5,45,5
18,29,0.620690,77,1,15,8
18,29,0.620690,77,5,49,4
6,29,0.206897,64,0,12,1
16,29,0.551724,113,6,48,5
18,29,0.620690,77,0,12,8
18,29,0.620690,76,5,51,4
5,29,0.172414,64,0,12,1
18,29,0.620690,122,4,44,5
18,29,0.620690,77,1,15,8
18,29,0.620690,76,5,49,4
6,29,0.206897,65,0,12,1
18,29,0.620690,120,5,45,5
18,29,0.620690,77,1,15,8
16,29,0.551724,77,5,49,4
6,29,0.206897,65,0,12,1
18,29,0.620690,118,6,46,5
18,29,0.620690,76,1,15,8
18,29,0.620690,76,5,51,4
18,29,0.620690,77,1,15,8
18,29,0.620690,110,4,40,2
16,29,0.551724,83,4,46,7
20,29,0.689655,81,0,12,8
18,28,0.642857,76,1,15,8
18,29,0.620690,112,4,40,2
16,29,0.551724,82,4,40,7
17,29,0.586207,79,1,15,8
18,29,0.620690,76,1,15,8
18,29,0.620690,111,4,40,2
16,29,0.551724,82,4,40,7
17,29,0.586207,78,1,15,8
18,28,0.642857,76,1,15,8
18,29,0.620690,111,4,40,2
17,29,0.586207,84,5,41,7
19,29,0.655172,78,1,15,8
18,29,0.620690,79,0,12,8
18,29,0.620690,111,4,40,2
16,29,0.551724,81,4,46,7
18,29,0.620690,78,1,15,8
18,29,0.620690,79,0,12,8
18,29,0.620690,106,4,40,2
17,29,0.586207,85,5,41,7
19,29,0.655172,80,0,12,8
18,29,0.620690,80,0,12,8
19,29,0.655172,111,5,43,2
16,29,0.551724,84,4,46,7
18,29,0.620690,78,0,12,8
18,29,0.620690,79,0,12,8
18,29,0.620690,105,4,40,2
18,29,0.620690,86,4,40,7
18,29,0.620690,76,1,15,8
18,29,0.620690,79,0,12,8
18,29,0.620690,107,4,40,2
18,28,0.642857,85,4,40,7
18,29,0.620690,77,1,15,8
18,29,0.620690,77,2,20,8
18,29,0.620690,109,4,40,2
18,29,0.620690,84,4,40,7
17,29,0.586207,78,0,12,8
18,29,0.620690,100,1,15,9
18,28,0.642857,112,4,40,2
17,29,0.586207,113,4,26,3
16,29,0.551724,83,4,46,7
18,29,0.620690,102,1,15,9
17,28,0.607143,110,4,44,2
18,29,0.620690,101,2,18,9
18,29,0.620690,111,4,44,2
18,29,0.620690,113,4,28,3
16,29,0.551724,82,4,46,7
18,29,0.620690,101,3,19,9
18,29,0.620690,109,4,40,2
17,29,0.586207,111,4,28,3
17,29,0.586207,86,5,41,7
18,29,0.620690,101,1,15,9
16,28,0.571429,104,5,31,3
16,29,0.551724,84,4,46,7
18,29,0.620690,102,3,19,9
18,29,0.620690,110,4,40,2
18,29,0.620690,101,1,15,9
18,29,0.620690,110,4,40,2
16,29,0.551724,105,5,29,3
16,29,0.551724,83,4,46,7
18,29,0.620690,104,2,20,9
18,29,0.620690,111,4,44,2
16,29,0.551724,97,2,18,9
18,29,0.620690,110,4,40,2
18,29,0.620690,114,4,28,3
16,29,0.551724,97,1,15,9
18,29,0.620690,110,4,40,2
18,29,0.620690,116,4,28,3
16,29,0.551724,83,4,46,7
18,29,0.620690,80,0,12,0
15,29,0.517241,112,5,45,5
18,29,0.620690,80,0,12,0
18,29,0.620690,102,2,34,6
18,29,0.620690,79,0,12,0
16,29,0.551724,114,5,45,5
18,29,0.620690,80,0,12,0
18,29,0.620690,100,2,34,6
18,29,0.620690,80,0,12,0
16,29,0.551724,115,5,45,5
16,29,0.551724,77,1,15,0
18,29,0.620690,100,2,34,6
18,29,0.620690,79,0,12,0
16,29,0.551724,115,5,45,5
16,29,0.551724,77,1,15,0
18,29,0.620690,101,2,34,6
18,29,0.620690,80,0,12,0
16,29,0.551724,114,6,50,5
18,29,0.620690,80,0,12,0
18,29,0.620690,101,2,34,6
18,29,0.620690,79,0,12,0
16,29,0.551724,118,4,44,5
18,29,0.620690,80,0,12,0
18,29,0.620690,101,2,34,6
18,29,0.620690,79,0,12,0
16,29,0.551724,115,4,44,5
18,29,0.620690,80,0,12,0
18,29,0.620690,101,2,34,6
18,29,0.620690,80,0,12,0
16,29,0.551724,116,4,44,5
18,29,0.620690,80,0,12,0
18,29,0.620690,101,2,34,6
18,29,0.620690,79,0,12,0
16,29,0.551724,114,4,44,5
17,29,0.586207,79,0,12,0
18,29,0.620690,101,2,34,6
18,29,0.620690,79,0,12,0
16,29,0.551724,120,4,44,5
17,29,0.586207,78,1,15,0
18,29,0.620690,102,2,34,6
5,29,0.172414,63,1,19,1
17,29,0.586207,120,5,47,5
17,29,0.586207,75,5,51,4
6,29,0.206897,63,1,13,1
5,29,0.172414,63,1,19,1
16,29,0.551724,111,6,48,5
16,29,0.551724,76,5,43,4
6,29,0.206897,65,0,12,1
5,29,0.172414,63,1,19,1
16,29,0.551724,113,6,50,5
18,29,0.620690,77,5,51,4
5,29,0.172414,62,1,19,1
5,29,0.172414,64,0,12,1
16,29,0.551724,114,5,47,5
18,29,0.620690,77,5,49,4
5,29,0.172414,62,1,19,1
5,29,0.172414,64,0,12,1
16,29,0.551724,113,5,47,5
18,29,0.620690,76,5,51,4
5,29,0.172414,62,0,12,1
5,29,0.172414,63,1,25,1
18,29,0.620690,78,5,49,4
6,29,0.206897,64,0,12,1
5,29,0.172414,63,0,12,1
16,29,0.551724,74,5,51,4
6,29,0.206897,65,0,12,1
5,29,0.172414,64,0,12,1
16,29,0.551724,116,5,45,5
16,29,0.551724,74,5,51,4
5,29,0.172414,63,0,12,1
5,29,0.172414,64,0,12,1
16,29,0.551724,113,5,47,5
18,29,0.620690,76,5,51,4
5,29,0.172414,62,0,12,1
5,29,0.172414,63,0,12,1
18,29,0.620690,123,4,44,5
18,29,0.620690,77,5,49,4
6,29,0.206897,65,0,12,1
18,29,0.620690,99,3,19,9
18,29,0.620690,87,4,46,7
6,29,0.206897,65,0,12,1
18,29,0.620690,101,1,15,9
16,29,0.551724,83,4,46,7
5,29,0.172414,65,0,12,1
18,29,0.620690,77,4,48,4
16,29,0.551724,95,3,21,9
16,29,0.551724,82,4,46,7
5,29,0.172414,64,0,12,1
18,29,0.620690,99,3,19,9
18,28,0.642857,85,4,46,7
5,29,0.172414,65,1,25,1
16,29,0.551724,77,5,51,4
18,29,0.620690,98,3,19,9
16,29,0.551724,82,4,46,7
6,29,0.206897,66,0,12,1
18,29,0.620690,77,4,48,4
18,29,0.620690,97,3,19,9
16,29,0.551724,82,3,39,7
6,29,0.206897,65,0,12,1
18,29,0.620690,77,4,48,4
18,29,0.620690,98,3,19,9
16,28,0.571429,82,4,46,7
6,29,0.206897,66,0,12,1
16,29,0.551724,76,5,51,4
18,29,0.620690,97,3,19,9
6,29,0.206897,65,0,12,1
17,29,0.586207,97,3,19,9
18,28,0.642857,85,4,40,7
6,29,0.206897,64,0,12,1
18,29,0.620690,79,5,47,4
18,29,0.620690,97,3,19,9
18,28,0.642857,86,4,46,7
6,29,0.206897,65,0,12,1
5,29,0.172414,63,1,25,1
16,29,0.551724,105,3,25,3
16,29,0.551724,85,4,46,7
16,29,0.551724,97,2,34,6
5,29,0.172414,63,1,19,1
17,29,0.586207,113,3,25,3
16,29,0.551724,84,4,46,7
18,29,0.620690,102,2,34,6
5,29,0.172414,64,0,12,1
17,29,0.586207,108,3,25,3
16,29,0.551724,83,4,46,7
18,29,0.620690,100,2,34,6
5,29,0.172414,64,0,12,1
16,29,0.551724,105,3,25,3
16,29,0.551724,84,4,46,7
18,29,0.620690,102,2,34,6
5,29,0.172414,64,0,12,1
16,29,0.551724,105,3,25,3
16,29,0.551724,84,4,46,7
18,29,0.620690,102,2,34,6
5,29,0.172414,63,1,19,1
18,29,0.620690,113,4,28,3
16,29,0.551724,83,4,46,7
18,29,0.620690,98,3,39,6
5,29,0.172414,64,0,12,1
17,29,0.586207,112,4,28,3
16,29,0.551724,83,4,46,7
18,29,0.620690,101,2,34,6
5,29,0.172414,64,0,12,1
16,29,0.551724,106,3,25,3
16,29,0.551724,83,4,46,7
18,29,0.620690,101,2,34,6
5,29,0.172414,64,0,12,1
16,29,0.551724,106,4,28,3
16,29,0.551724,84,4,46,7
16,29,0.551724,98,2,34,6
5,29,0.172414,62,1,25,1
18,29,0.620690,112,4,28,3
16,29,0.551724,83,4,40,7
18,29,0.620690,103,2,34,6
5,29,0.172414,65,0,12,1
18,29,0.620690,76,5,49,4
18,29,0.620690,77,0,12,8
17,29,0.586207,77,0,12,8
6,29,0.206897,65,0,12,1
18,29,0.620690,75,4,48,4
16,29,0.551724,75,2,18,8
19,29,0.655172,79,0,12,8
5,28,0.178571,60,0,12,1
18,29,0.620690,75,5,49,4
18,29,0.620690,77,0,12,8
18,29,0.620690,78,0,12,8
5,28,0.178571,59,0,12,1
5,29,0.172414,65,0,12,1
18,29,0.620690,76,5,51,4
16,29,0.551724,77,0,12,8
18,29,0.620690,77,0,12,8
6,29,0.206897,65,0,12,1
18,29,0.620690,76,5,51,4
18,29,0.620690,77,0,12,8
18,29,0.620690,77,0,12,8
5,28,0.178571,60,0,12,1
6,29,0.206897,66,0,12,1
18,29,0.620690,74,5,51,4
16,29,0.551724,76,1,13,8
18,29,0.620690,76,1,13,8
5,29,0.172414,63,1,19,1
18,29,0.620690,75,5,51,4
16,29,0.551724,77,1,13,8
18,29,0.620690,77,1,13,8
16,29,0.551724,73,5,51,4
16,29,0.551724,75,2,18,8
16,29,0.551724,74,2,18,8
18,29,0.620690,75,5,51,4
16,29,0.551724,76,1,13,8
18,29,0.620690,77,1,13,8
5,29,0.172414,63,0,12,1
18,29,0.620690,75,5,49,4
18,29,0.620690,78,0,12,8
18,29,0.620690,79,0,12,8
18,29,0.620690,111,4,40,2
17,29,0.586207,96,3,37,6
18,29,0.620690,75,1,15,0
6,29,0.206897,64,2,30,1
17,29,0.586207,108,4,40,2
17,29,0.586207,98,2,30,6
18,29,0.620690,77,1,15,0
6,29,0.206897,64,0,12,1
17,29,0.586207,106,4,36,2
17,29,0.586207,97,3,33,6
18,29,0.620690,77,1,15,0
6,29,0.206897,65,0,12,1
18,29,0.620690,110,4,40,2
18,29,0.620690,100,0,12,6
18,29,0.620690,77,0,12,0
5,29,0.172414,63,0,12,1
16,29,0.551724,104,4,36,2
18,29,0.620690,100,2,30,6
18,29,0.620690,78,1,15,0
6,29,0.206897,64,0,12,1
18,29,0.620690,108,4,40,2
18,29,0.620690,99,2,30,6
18,29,0.620690,76,1,15,0
5,29,0.172414,64,0,12,1
17,29,0.586207,107,4,40,2
17,29,0.586207,96,0,12,6
17,29,0.586207,77,0,12,0
5,29,0.172414,62,1,19,1
18,29,0.620690,109,4,44,2
18,29,0.620690,100,2,30,6
18,29,0.620690,79,1,15,0
6,29,0.206897,65,0,12,1
18,29,0.620690,110,4,40,2
17,29,0.586207,96,0,12,6
18,29,0.620690,77,0,12,0
6,29,0.206897,64,0,12,1
18,29,0.620690,112,4,40,2
18,29,0.620690,98,2,30,6
18,29,0.620690,76,1,15,0
5,29,0.172414,63,0,12,1
18,29,0.620690,113,4,28,3
18,29,0.620690,80,0,12,0
16,29,0.551724,75,5,49,4
18,29,0.620690,99,2,34,6
18,29,0.620690,113,4,28,3
18,29,0.620690,81,0,12,0
18,29,0.620690,74,5,41,4
18,29,0.620690,96,3,37,6
18,29,0.620690,116,3,25,3
18,29,0.620690,80,0,12,0
18,29,0.620690,76,5,47,4
18,29,0.620690,100,2,34,6
18,29,0.620690,117,4,28,3
18,29,0.620690,81,0,12,0
18,29,0.620690,77,5,49,4
18,29,0.620690,101,2,34,6
18,29,0.620690,114,3,25,3
18,29,0.620690,81,0,12,0
18,29,0.620690,77,5,49,4
18,29,0.620690,102,2,34,6
17,29,0.586207,113,3,25,3
18,29,0.620690,80,0,12,0
18,29,0.620690,77,5,47,4
18,29,0.620690,101,2,34,6
18,29,0.620690,115,4,28,3
18,29,0.620690,81,0,12,0
18,29,0.620690,77,5,41,4
18,29,0.620690,103,2,34,6
18,29,0.620690,79,1,15,0
16,29,0.551724,78,1,15,8
16,29,0.551724,103,5,33,3
19,29,0.655172,107,0,12,9
16,29,0.551724,76,2,20,8
16,29,0.551724,105,5,31,3
17,29,0.586207,111,4,28,3
18,29,0.620690,101,0,12,9
16,29,0.551724,75,2,20,8
17,29,0.586207,110,4,28,3
18,29,0.620690,104,2,18,9
18,29,0.620690,78,0,12,8
18,29,0.620690,115,3,25,3
18,29,0.620690,102,0,12,9
17,29,0.586207,77,1,15,8
16,29,0.551724,105,4,28,3
17,29,0.586207,110,3,25,3
17,29,0.586207,80,0,12,8
16,29,0.551724,108,5,29,3
16,29,0.551724,108,5,29,3
16,29,0.551724,78,0,12,8
16,29,0.551724,110,4,28,3
16,29,0.551724,110,6,38,3
17,29,0.586207,79,1,15,8
16,29,0.551724,107,2,24,3
16,29,0.551724,105,4,28,3
18,29,0.620690,103,0,12,9
18,29,0.620690,80,0,12,8
18,29,0.620690,116,2,24,3
17,29,0.586207,106,5,29,3
16,29,0.551724,75,1,15,8
16,29,0.551724,104,4,22,3
17,29,0.586207,109,3,25,3
18,29,0.620690,102,2,18,9
17,29,0.586207,108,4,26,3
16,29,0.551724,124,5,45,5
18,29,0.620690,78,2,16,0
16,29,0.551724,93,2,16,6
17,29,0.586207,126,5,45,5
18,29,0.620690,77,1,13,0
16,29,0.551724,93,2,16,6
17,29,0.586207,109,4,28,3
17,29,0.586207,121,5,45,5
18,29,0.620690,76,2,16,0
18,29,0.620690,115,4,28,3
17,29,0.586207,122,5,45,5
16,29,0.551724,77,2,18,0
18,29,0.620690,103,2,34,6
17,29,0.586207,107,4,28,3
15,29,0.517241,113,5,45,5
18,29,0.620690,76,1,13,0
16,29,0.551724,94,2,16,6
17,29,0.586207,110,4,28,3
16,29,0.551724,117,5,45,5
18,29,0.620690,78,1,13,0
17,29,0.586207,99,4,34,6
18,29,0.620690,116,4,28,3
16,29,0.551724,120,5,45,5
18,29,0.620690,79,1,13,0
16,29,0.551724,93,2,16,6
17,29,0.586207,112,4,28,3
15,29,0.517241,116,6,48,5
18,29,0.620690,77,1,13,0
16,29,0.551724,94,2,16,6
17,29,0.586207,109,3,25,3
16,28,0.571429,112,6,48,5
17,29,0.586207,80,1,15,0
17,29,0.586207,96,1,13,6
17,29,0.586207,109,3,25,3
16,29,0.551724,113,5,47,5
17,29,0.586207,76,2,16,0
17,29,0.586207,97,4,38,6
16,29,0.551724,106,3,27,3
18,29,0.620690,77,0,12,0
16,29,0.551724,117,5,45,5
6,29,0.206897,63,0,12,1
18,29,0.620690,117,3,25,3
18,29,0.620690,77,0,12,0
18,29,0.620690,126,4,44,5
6,29,0.206897,63,0,12,1
20,29,0.689655,122,3,25,3
16,29,0.551724,118,5,45,5
6,29,0.206897,65,0,12,1
16,29,0.551724,104,3,27,3
18,29,0.620690,79,0,12,0
16,29,0.551724,118,5,45,5
6,29,0.206897,65,0,12,1
20,29,0.689655,125,4,28,3
18,29,0.620690,77,0,12,0
16,29,0.551724,117,5,45,5
6,29,0.206897,64,0,12,1
16,29,0.551724,117,5,45,5
6,29,0.206897,64,0,12,1
18,29,0.620690,106,4,40,2
18,29,0.620690,110,4,44,2
18,29,0.620690,79,0,12,8
18,29,0.620690,96,3,35,6
16,29,0.551724,100,5,35,2
18,29,0.620690,108,4,36,2
16,29,0.551724,77,0,12,8
18,29,0.620690,97,2,34,6
18,29,0.620690,110,4,40,2
18,29,0.620690,108,5,39,2
18,29,0.620690,77,0,12,8
18,29,0.620690,98,3,35,6
18,29,0.620690,109,4,40,2
18,29,0.620690,110,4,44,2
18,29,0.620690,78,0,12,8
18,29,0.620690,99,2,34,6
18,29,0.620690,109,4,44,2
18,29,0.620690,109,4,40,2
18,29,0.620690,78,0,12,8
18,29,0.620690,97,2,34,6
16,29,0.551724,100,4,40,2
16,29,0.551724,104,5,43,2
18,29,0.620690,77,0,12,8
18,29,0.620690,99,2,34,6
16,29,0.551724,106,4,40,2
16,29,0.551724,104,4,40,2
18,29,0.620690,78,0,12,8
18,29,0.620690,98,2,34,6
17,29,0.586207,104,4,36,2
16,29,0.551724,103,4,36,2
16,29,0.551724,75,1,15,8
17,29,0.586207,96,2,34,6
16,29,0.551724,104,4,40,2
16,29,0.551724,106,4,40,2
18,29,0.620690,78,0,12,8
18,29,0.620690,96,2,34,6
16,29,0.551724,103,4,40,2
16,29,0.551724,104,4,40,2
18,29,0.620690,78,0,12,8
18,29,0.620690,98,2,34,6
20,29,0.689655,101,2,34,6
17,29,0.586207,100,4,40,2
20,29,0.689655,81,1,15,8
18,29,0.620690,95,3,27,9
16,29,0.551724,96,3,37,6
18,29,0.620690,108,4,40,2
16,29,0.551724,74,2,16,8
17,29,0.586207,94,2,18,9
20,29,0.689655,102,2,34,6
18,29,0.620690,105,4,40,2
18,29,0.620690,79,2,20,8
18,29,0.620690,97,3,23,9
16,29,0.551724,90,4,38,6
16,29,0.551724,98,5,35,2
18,29,0.620690,82,2,20,8
16,29,0.551724,92,4,22,9
18,28,0.642857,84,4,46,7
16,29,0.551724,102,2,20,3
17,29,0.586207,77,5,51,4
18,29,0.620690,84,4,46,7
17,29,0.586207,107,4,28,3
16,29,0.551724,75,5,51,4
16,29,0.551724,82,4,46,7
18,29,0.620690,109,4,28,3
17,29,0.586207,76,5,43,4
16,28,0.571429,81,4,46,7
18,29,0.620690,105,3,23,3
18,29,0.620690,77,4,48,4
18,28,0.642857,84,4,46,7
18,29,0.620690,105,4,28,3
16,28,0.571429,81,4,46,7
17,29,0.586207,104,4,28,3
20,29,0.689655,84,5,49,4
18,29,0.620690,85,4,46,7
15,29,0.517241,98,4,30,3
18,28,0.642857,85,4,46,7
16,29,0.551724,102,4,28,3
17,29,0.586207,76,5,51,4
18,28,0.642857,86,4,40,7
15,29,0.517241,99,4,28,3
18,29,0.620690,77,4,48,4
17,29,0.586207,84,5,41,7
17,29,0.586207,111,2,24,3
19,29,0.655172,79,4,40,4
18,29,0.620690,114,3,25,3
18,28,0.642857,85,4,46,7
18,29,0.620690,108,5,43,2
6,29,0.206897,64,0,12,1
16,29,0.551724,103,7,33,3
18,29,0.620690,113,4,44,2
6,29,0.206897,62,2,26,1
17,29,0.586207,108,4,24,3
18,29,0.620690,111,5,43,2
6,29,0.206897,63,2,26,1
18,29,0.620690,113,4,24,3
16,29,0.551724,78,5,47,7
6,29,0.206897,62,2,26,1
16,29,0.551724,105,4,28,3
18,29,0.620690,84,5,47,7
17,29,0.586207,108,5,39,2
6,29,0.206897,63,2,26,1
17,29,0.586207,111,3,25,3
17,28,0.607143,83,4,46,7
6,29,0.206897,63,2,26,1
16,29,0.551724,103,5,33,3
17,29,0.586207,107,5,39,2
6,29,0.206897,62,1,19,1
16,29,0.551724,105,4,28,3
16,29,0.551724,83,4,46,7
17,29,0.586207,110,5,43,2
6,29,0.206897,63,1,19,1
18,29,0.620690,111,4,28,3
17,29,0.586207,108,5,43,2
6,29,0.206897,63,0,12,1
17,29,0.586207,108,5,25,3
16,28,0.571429,80,4,46,7
17,29,0.586207,111,4,40,2
6,29,0.206897,63,2,26,1
